url,path,name,category
https://unsplash.com/photos/a-black-background-with-blue-and-pink-lines-HErhYBxhreE,full/963bf4f317fac308fae8f1a4bcd5fb6d392e967a.jpg,a black background with blue and pink lines,Editorial
https://unsplash.com/photos/a-building-with-asian-writing-on-it-at-night-oPb0v_mtFXs,full/de4e3553b16f504c54e4f8c707d725bf23cc19e6.jpg,a building with asian writing on it at night,"Editorial, Street Photography"
https://unsplash.com/photos/a-man-standing-in-front-of-a-green-and-purple-light-1eWO-qfwDBU,full/85660d14c4e51839e219c3f2d05f1af4009c1e7b.jpg,a man standing in front of a green and purple light,Editorial
https://unsplash.com/photos/a-blurry-image-of-a-person-wearing-a-tie-JLDDq2-QxxA,full/646c913530bdbb2ebe330768671a452fd6cec87b.jpg,a blurry image of a person wearing a tie,Editorial
https://unsplash.com/photos/an-orange-building-with-a-street-light-next-to-it-4NM602VxxQU,full/101e9c563f1e3551dea1738b3113b84d67a35451.jpg,an orange building with a street light next to it,Editorial
https://unsplash.com/photos/a-view-of-a-city-at-night-from-the-top-of-a-hill-F3T76h8iguI,full/8ab1fd2377fcc1856928878e9637db5a7779a081.jpg,a view of a city at night from the top of a hill,Editorial
https://unsplash.com/photos/a-person-standing-in-the-middle-of-a-field-under-a-night-sky-filled-with-stars-lnQ_qxiD5bA,full/e791caa7b0b9d92b828b98256c85624f0539941f.jpg,a person standing in the middle of a field under a night sky filled with stars,Editorial
https://unsplash.com/photos/a-blurry-image-of-lines-and-lines-in-purple-Sk3bPN_oXJw,full/04322bb7f0248f2a70ae4e57daace7c1096965de.jpg,a blurry image of lines and lines in purple,Editorial
https://unsplash.com/photos/a-purple-and-purple-sky-filled-with-lots-of-stars-5AP2572fJDs,full/1b6a70c9476897487c1a200c0296b28c4672d15d.jpg,a purple and purple sky filled with lots of stars,Editorial
https://unsplash.com/photos/a-blurry-photo-of-a-person-with-long-hair-yTikeUHAJ9M,full/e4353395220facd5284f2765c1ce9c4034ab6076.jpg,a blurry photo of a person with long hair,Editorial
https://unsplash.com/photos/a-person-walking-down-a-street-at-night-lXR86Iidf7g,full/71b5a686af17f39808414e79cc065797bfc13bfc.jpg,a person walking down a street at night,"Editorial, Street Photography"
https://unsplash.com/photos/an-aurora-aurora-aurora-aurora-aurora-aurora-aurora-aurora-aurora-aurora-aurora-aurora-aurora-aurora-aurora-2xS1K3AhBKs,full/99d03cb3d8eb090ed8313c2b0c502a99f721ae97.jpg,an aurora aurora aurora aurora aurora aurora aurora aurora aurora aurora aurora aurora aurora aurora aurora,Editorial
https://unsplash.com/photos/a-blue-circle-surrounded-by-confetti-and-confetti-F1ssPInlCD0,full/5774542a8fbc0c96085041dbf708f3b60a626000.jpg,a blue circle surrounded by confetti and confetti,Editorial
https://unsplash.com/photos/a-silhouette-of-a-palm-tree-against-a-sunset-lMNWgPwKt6w,full/2d9a1426b8e90027ee06090bfb7e1537973bb62b.jpg,a silhouette of a palm tree against a sunset,Editorial
https://unsplash.com/photos/a-tree-with-lots-of-pink-flowers-in-front-of-a-blue-sky-18RECWIobXw,full/3b30554e676bc46380c5f8e0555bc1df540bd9c1.jpg,a tree with lots of pink flowers in front of a blue sky,Editorial
https://unsplash.com/photos/a-man-with-curly-hair-wearing-an-orange-jacket-TE-PN3i6oCo,full/32a2f5d642e3e41d07486b9a00d53c2be3f80060.jpg,a man with curly hair wearing an orange jacket,Editorial
https://unsplash.com/photos/a-view-of-a-forest-from-inside-a-tent-VziFwyMLpM8,full/57cacc23c52e3f9cf4593970e87ce31fcd3f11d2.jpg,a view of a forest from inside a tent,UGC
https://unsplash.com/photos/a-bunch-of-red-flowers-hanging-from-a-brick-wall-9GJg5Y9OVwg,full/788156fcf14587cb8b53d9a4b6315d9a7eb7d89f.jpg,a bunch of red flowers hanging from a brick wall,"Editorial, UGC"
https://unsplash.com/photos/a-man-and-woman-walking-down-a-street-0b4krrXxmew,full/ce4ac3266926d6fc3e6575d41b37f813841b75cd.jpg,a man and woman walking down a street,"Street Photography, UGC"
https://unsplash.com/photos/woman-sitting-on-kitchen-island-while-holding-instant-camera-inside-kitchen-0qodft4ZK7Q,full/c344ed0fddd8af46643790cd8c7cda84796edf74.jpg,woman sitting on kitchen island while holding instant camera inside kitchen,"Editorial, UGC"
https://unsplash.com/photos/woman-carrying-baby-sitting-in-bathtub-close-up-photography-yVlmSZwVmWo,full/b408858711cfbbc32d1ccc098cca6d3287f2cb9f.jpg,woman carrying baby sitting in bathtub close-up photography,"People, UGC"
https://unsplash.com/photos/an-empty-room-with-a-blue-door-and-a-red-brick-wall-AMoctnfxw1E,full/4ae28c7c69109b332bdd663e80236f868d0aa819.jpg,an empty room with a blue door and a red brick wall,UGC
https://unsplash.com/photos/a-restaurant-with-a-sign-LjFKi47_q34,full/e2247fc7fb350c8a5fac1ff69894dc4eae93c8a1.jpg,a restaurant with a sign,UGC
https://unsplash.com/photos/topless-woman-drinking-from-a-cup-d_PEljZDnUM,full/9d3d6fac470026544f92b639d8fc391ce1de9667.jpg,topless woman drinking from a cup,UGC
https://unsplash.com/photos/a-man-riding-a-bike-across-a-cross-walk-EXWo79LoNiQ,full/9b28c335d81c1746df8f7e300316ac666aa04b62.jpg,a man riding a bike across a cross walk,UGC
https://unsplash.com/photos/two-women-standing-in-front-of-a-large-building-VdkjM7yAMMQ,full/d4d14fba97ce39c2e7a05dd11a584f1198598258.jpg,two women standing in front of a large building,UGC
https://unsplash.com/photos/woman-in-black-and-white-striped-long-sleeve-shirt-lying-on-white-bed-kunO_yY1KzY,full/7a4d27e91705d68088c9ef41c876c691f72636ec.jpg,woman in black and white striped long sleeve shirt lying on white bed,UGC
https://unsplash.com/photos/person-holding-white-ice-cream-cup-Ofcqgx-cDNk,full/d35c64c584deebbd2dc4a9ef6a2c4c327794d6aa.jpg,person holding white ice cream cup,"Editorial, Food & Drink, UGC"
https://unsplash.com/photos/a-couple-of-people-that-are-standing-in-the-sand-GgyUkSfkLF0,full/867c98ae7a4489302a61d23d9293370b557dec02.jpg,a couple of people that are standing in the sand,"Editorial, UGC"
https://unsplash.com/photos/brown-deer-4gkgdLdabSE,full/eb029794078fc286728a5265296eebd783cfb945.jpg,brown deer,"Editorial, UGC"
https://unsplash.com/photos/green-tent-surrounded-with-trees-at-daytime-FEQXTTmuwLQ,full/bfcad7363cd6b2e95ef736b5f7d8505c531e6f35.jpg,green tent surrounded with trees at daytime,"Editorial, UGC"
https://unsplash.com/photos/person-sitting-on-seashore-near-surfboard-in-front-sea-6ImLUHETAE8,full/e3400996d3aaea7da32de6e15e0c71bb0fa0e2a6.jpg,person sitting on seashore near surfboard in front sea,UGC
https://unsplash.com/photos/woman-sitting-on-window-beside-sofa-I4TRwMIloio,full/16981dda614c015246d44bbececf7402318f07d0.jpg,woman sitting on window beside sofa,"Health & Wellness, UGC"
https://unsplash.com/photos/a-seagull-flying-in-the-sky-with-a-contrail-in-the-background-wodZWjVkf2s,full/99d872a4bf8666a8def00dd1d080865cc1c3e7bf.jpg,a seagull flying in the sky with a contrail in the background,UGC
https://unsplash.com/photos/a-green-lamp-sitting-next-to-a-yellow-wall-wqTcWM18-28,full/c6bdba1d179d360a44b561fd4d0fdfa4ba3eaeb7.jpg,a green lamp sitting next to a yellow wall,UGC
https://unsplash.com/photos/a-woman-sitting-on-a-chair-in-front-of-a-window-E0NOI-FTe9k,full/b56e3938a830d57b6a0502f05150140409d43869.jpg,a woman sitting on a chair in front of a window,"Editorial, UGC"
https://unsplash.com/photos/a-woman-in-a-blue-dress-is-walking-past-a-wall-of-colorful-houses--l0B2Hti3oI,full/591d60eb955ea89d59a928783003bb081a202120.jpg,a woman in a blue dress is walking past a wall of colorful houses,Editorial
https://unsplash.com/photos/a-black-and-green-abstract-background-with-curves-mGJ41xCfVJw,full/dfb35ebab47e76919326aaf033c820f95e5f1ca4.jpg,a black and green abstract background with curves,Editorial
https://unsplash.com/photos/the-night-sky-with-a-lot-of-stars-in-it-UH2V6BYBHtU,full/4c2bc9ef3b5bc2d4f541e31d32a97bc131723be6.jpg,the night sky with a lot of stars in it,Editorial
https://unsplash.com/photos/a-view-of-the-golden-gate-bridge-at-sunset-ik2r_6TsA9k,full/e666b1425507754586950632e0eb41e343c57fbd.jpg,a view of the golden gate bridge at sunset,"Editorial, Wallpapers"
https://unsplash.com/photos/a-bench-sitting-on-top-of-a-grass-covered-hill-under-a-purple-sky-z0VdFXfyhOk,full/9c24a62b57ae4a48ddcfd9361f5be696186b068f.jpg,a bench sitting on top of a grass covered hill under a purple sky,Editorial
https://unsplash.com/photos/a-woman-laying-on-the-ground-in-front-of-purple-flowers-pZ4NVo5eZfM,full/e23accb697d5bf8b84eb4d2ccffbb8506a7c1e6c.jpg,a woman laying on the ground in front of purple flowers,Editorial
https://unsplash.com/photos/a-blue-and-pink-river-surrounded-by-trees-R5hhJYZoBRA,full/8da761c796839b42d0ed7bf640ea4aa3033bfed2.jpg,a blue and pink river surrounded by trees,Editorial
https://unsplash.com/photos/a-woman-taking-a-picture-of-a-sunset-with-her-cell-phone-LWm0IEjAN9Q,full/367c61c4dd5129acf2a47a1f211050e84fd2ec31.jpg,a woman taking a picture of a sunset with her cell phone,Editorial
https://unsplash.com/photos/a-group-of-people-walking-across-a-street-LWV_zBDv5iM,full/e32e79c8bbe3a1039a8d3cfcf7aeb0872ecd094b.jpg,a group of people walking across a street,Current Events
https://unsplash.com/photos/a-man-riding-a-dirt-bike-through-the-air-wJBe3IrR3vA,full/5e222104a04addb8d5cbe8c12ff2bfbd92e6db8c.jpg,a man riding a dirt bike through the air,Sports
https://unsplash.com/photos/time-lapse-photography-of-train-3GWOlKitAMY,full/850b91489d027b0e072c8e1ff0425f34af1205d2.jpg,time lapse photography of train,"Editorial, Business & Work"
https://unsplash.com/photos/books-on-bushes-with-plant-BhSQ2Y-auI0,full/4fcea1c21e87077150c9eab6fbc91d79ef36c85b.jpg,books on bushes with plant,"Editorial, Spirituality"
https://unsplash.com/photos/person-reaching-for-filled-ceramic-mug-between-desserts-W6Jx9x71iO0,full/e6018738e3d0f084917608c6962791513ee785ff.jpg,person reaching for filled ceramic mug between desserts,"Editorial, Food & Drink"
https://unsplash.com/photos/a-man-in-a-kayak-in-front-of-icebergs-DCuXaq5zcWs,full/63c52d292dc89e8e8efd67a753f300ec9cf67167.jpg,a man in a kayak in front of icebergs,"Editorial, Sports, Travel"
https://unsplash.com/photos/grayscale-photo-of-woman-in-black-floral-shirt-ftlcsEcGvDc,full/4fa5ed5caef3973ba239acc62a7f7d6c66b50dfb.jpg,grayscale photo of woman in black floral shirt,"Editorial, People, Spirituality"
https://unsplash.com/photos/silhouette-of-woman-standing-on-beach-during-sunset-VX2nrLhq4h4,full/045d3605bd209cc68a04423f076a0368dfe2b0e5.jpg,silhouette of woman standing on beach during sunset,"Editorial, People, Experimental"
https://unsplash.com/photos/woman-in-black-and-white-polka-dot-dress-zr89PHBGjaI,full/f02b339697e7a564e6a8776050732e5108f29bdb.jpg,woman in black and white polka dot dress,Fashion & Beauty
https://unsplash.com/photos/a-group-of-men-standing-on-top-of-a-wooden-pole-16kRZAgzUz8,full/d00d9cfdace3b0d327ebcfe2b27a9733108221bb.jpg,a group of men standing on top of a wooden pole,Archival
https://unsplash.com/photos/a-large-black-bear-walking-across-a-grass-covered-field-6RXxo1prsJc,full/20a392539843a352a8f2f4be3d11831ea21fd933.jpg,a large black bear walking across a grass covered field,Animals
https://unsplash.com/photos/a-statue-of-a-man-sitting-on-a-bench-next-to-a-window-0euuaBQL2xU,full/6215146db73a3a9c5a3bf65ad62ef634e9462b8b.jpg,a statue of a man sitting on a bench next to a window,Film
https://unsplash.com/photos/a-man-sitting-on-a-bench-looking-out-a-window-wdbA0BiGfwg,full/0a5eb8909006d410718ca9331ceb79dd98d1eaf1.jpg,a man sitting on a bench looking out a window,"Editorial, Film, Street Photography"
https://unsplash.com/photos/a-room-that-has-some-stairs-in-it-tYCDVbXQ1NQ,full/c9a10a3d94e9227ce47e8a868d053fcd13c3645a.jpg,a room that has some stairs in it,Architecture & Interiors
https://unsplash.com/photos/a-tall-building-with-a-clock-on-the-side-of-it-yzDOTu0YTQ4,full/0edef0199224104c96ba340707326ef9336b20a9.jpg,a tall building with a clock on the side of it,"Editorial, Textures & Patterns"
https://unsplash.com/photos/a-woman-taking-a-picture-of-the-water-with-her-cell-phone-fVAm7WwsRMk,full/a108db2b2d0673bce618e6d49ca1e03a5827ae11.jpg,a woman taking a picture of the water with her cell phone,"Travel, UGC"
https://unsplash.com/photos/a-black-and-white-photo-of-water-and-rocks-DcQQJ7DtDJs,full/66e1df4923a1808b0f2a4ee0bcb8d69b7626fd7e.jpg,a black and white photo of water and rocks,3D Renders
https://unsplash.com/photos/a-circular-metal-object-with-a-light-shining-through-it-1eW-ZfPryOs,full/8883ec85d39a7f014da380ccd509c07b98d1a104.jpg,a circular metal object with a light shining through it,3D Renders
https://unsplash.com/photos/a-pair-of-stars-in-the-middle-of-a-night-sky-3oQ5p8iZtes,full/81b0f6756c95605a40c498d565afa7fd62dfca31.jpg,a pair of stars in the middle of a night sky,3D Renders
https://unsplash.com/photos/a-black-and-white-photo-of-a-curved-object-ZsxHK-UBOwE,full/246413ccc38a21d4d6e80cb2f9d20bba56463e3e.jpg,a black and white photo of a curved object,"Editorial, 3D Renders"
https://unsplash.com/photos/a-black-and-white-photo-of-a-pair-of-headphones-SGiFANuSq8c,full/8c75bf910e97f79df9752785a27f403541d2e352.jpg,a black and white photo of a pair of headphones,3D Renders
https://unsplash.com/photos/a-cricket-ball-sitting-on-top-of-a-rock-JSdl7nj36KQ,full/2010cadb085f2b7adcfcc6c4287a3103aacf2973.jpg,a cricket ball sitting on top of a rock,3D Renders
https://unsplash.com/photos/a-black-and-white-photo-of-a-mountain-range-czFUhwaCsUA,full/5cd5f4660ea5bf2c4981a6aec676289d4341bb09.jpg,a black and white photo of a mountain range,3D Renders
https://unsplash.com/photos/a-computer-generated-image-of-red-and-gold-flowers-NtWL1nuDnA0,full/1fc19d34220d680fb3e788596bcf2b2bc3e6dee2.jpg,a computer generated image of red and gold flowers,3D Renders
https://unsplash.com/photos/a-black-background-with-wavy-lines-qGuZUgFbUDs,full/d348496eca8633436673fc10d49b5ed4c8b6ea74.jpg,a black background with wavy lines,3D Renders
https://unsplash.com/photos/a-large-statue-of-a-man-in-a-field-of-flowers-SvhzwfHFBQU,full/78567dc079929ac95296b01c68c648411a184782.jpg,a large statue of a man in a field of flowers,"Editorial, 3D Renders"
https://unsplash.com/photos/a-black-and-white-image-of-a-black-and-white-polka-dot-background-wRN5wUh9s78,full/357180e62d04e6baf51c5d70aa0e3380c845446e.jpg,a black and white image of a black and white polka dot background,3D Renders
https://unsplash.com/photos/a-living-room-with-a-couch-and-a-table-uy_3oaJI0bw,full/be79d03a2184f3b198f282a218227c9309d2e89a.jpg,a living room with a couch and a table,3D Renders
https://unsplash.com/photos/a-gold-colored-sports-car-on-a-shiny-surface-bDULGRrDiFY,full/ee5f38b2c929908df6511d2221615eb009c7c6a3.jpg,a gold colored sports car on a shiny surface,"3D Renders, Wallpapers"
https://unsplash.com/photos/a-laptop-computer-sitting-on-top-of-a-desk-dKmwpcvqQ3g,full/28542609306c24ae568a1198e98a476806955b77.jpg,a laptop computer sitting on top of a desk,3D Renders
https://unsplash.com/photos/an-image-of-a-star-cluster-in-the-sky-5B8okqE5tIc,full/478bbef4394c77162f6f79bebd67d5a94a801f2c.jpg,an image of a star cluster in the sky,3D Renders
https://unsplash.com/photos/a-black-and-white-photo-of-the-shape-of-a-map-FoQ-OjGKl_8,full/f3ca78e8cfb28b61e61ad3a45ba8dfac8fdcf420.jpg,a black and white photo of the shape of a map,3D Renders
https://unsplash.com/photos/a-large-mirror-with-many-different-shapes-and-sizes-qfEQoPmrkds,full/4d9ff1c66dc7313d4f58f54326377040fbc69d31.jpg,a large mirror with many different shapes and sizes,3D Renders
https://unsplash.com/photos/a-picture-of-saturn-taken-by-nasas-cassini-spacecraft-NE_s6cYHkTU,full/0dcfe178c0758f7abb1314e13275fa6d72b9b0b4.jpg,a picture of saturn taken by nasa's cassini spacecraft,3D Renders
https://unsplash.com/photos/a-close-up-of-a-metal-object-on-a-black-background-H57rA0qAv9g,full/3d12f8909729f2b1dd2204b5fca144f6aee8425c.jpg,a close up of a metal object on a black background,3D Renders
https://unsplash.com/photos/a-living-room-with-a-chair-and-a-flat-screen-tv-n_d0-85yZ_0,full/653f8987eb7c21463f2d8f8b7a4f77b50ce4d1ce.jpg,a living room with a chair and a flat screen tv,"Editorial, 3D Renders"
https://unsplash.com/photos/a-large-bridge-spanning-over-a-large-body-of-water-NIaGbb2STqE,full/5e6d3a62c4e019e958fd0c03b7ab312a95be26a2.jpg,a large bridge spanning over a large body of water,"Architecture & Interiors, Travel"
https://unsplash.com/photos/a-red-bridge-in-the-middle-of-a-forest-Dygb0UrEPLA,full/56cebc54c8823a756d5da5ce44697a3c76fea41e.jpg,a red bridge in the middle of a forest,Travel
https://unsplash.com/photos/woman-half-submerge-in-the-water-facing-mountain-at-daytime-IAlVTY5Vp_s,full/c2b4e6b43c2a622f7d034e4c220b3be25dc45b90.jpg,woman half submerge in the water facing mountain at daytime,"Editorial, Travel"
https://unsplash.com/photos/a-sign-in-an-airport-pointing-in-different-directions-2tKUAPJE2NQ,full/c99f642c9ec40f55d09402bac85eac30fbba9f0b.jpg,a sign in an airport pointing in different directions,Travel
https://unsplash.com/photos/a-very-tall-red-tower-with-a-clock-on-its-side-jtg8UOHvPeg,full/b3cb7124e41ae68dad7f72309992a6f8415958ca.jpg,a very tall red tower with a clock on it's side,"Editorial, Travel"
https://unsplash.com/photos/a-car-is-parked-in-front-of-a-mountain-XhyMBMUCstA,full/0685d1ed69b7fdae0c03233b6a867de577727779.jpg,a car is parked in front of a mountain,Travel
https://unsplash.com/photos/a-large-building-with-a-sign-that-says-radio-city-6uCy44FbdqM,full/f1fb34ec9be3e49f7a89f8233af783fa1d062ad8.jpg,a large building with a sign that says radio city,"Editorial, Street Photography, Travel"
https://unsplash.com/photos/a-large-building-with-a-clock-on-its-side-HpYDlnsl1M8,full/c6d5e2c9a3caa6274ff44a246c1bba25990b3857.jpg,a large building with a clock on it's side,Travel
https://unsplash.com/photos/a-group-of-people-standing-on-a-balcony-of-a-building-wM52RIMc8oc,full/3ef029791814a63c67880bd8519a337bf25d298d.jpg,a group of people standing on a balcony of a building,"Editorial, People, Street Photography"
https://unsplash.com/photos/an-old-bridge-in-the-middle-of-a-field-cmf6Ea5965Y,full/53329ad9290d62fc03c6b82cb523d0a8e15f6dce.jpg,an old bridge in the middle of a field,"Editorial, Travel"
https://unsplash.com/photos/a-small-boat-floating-on-top-of-a-sandy-beach-5OpVPD11OIM,full/a526fa3fedd49ccd1121bc7af35f4cb7cebf83ec.jpg,a small boat floating on top of a sandy beach,Travel
https://unsplash.com/photos/a-herd-of-sheep-grazing-in-a-field-with-a-mountain-in-the-background-N8kbifV5PHc,full/cc642059bfabecd0dc760a6435e7f0a20b98f204.jpg,a herd of sheep grazing in a field with a mountain in the background,Travel
https://unsplash.com/photos/a-tall-tower-with-a-clock-on-the-top-of-it-6uuGSoTCkhE,full/9924c59e1ca2eba10a80639192b5db38687d3702.jpg,a tall tower with a clock on the top of it,Travel
https://unsplash.com/photos/a-view-of-the-golden-gate-bridge-at-sunset-2qjwaPLOQ5c,full/df45569024791a2694e5193771cf09665696acac.jpg,a view of the golden gate bridge at sunset,Travel
https://unsplash.com/photos/a-person-standing-in-a-narrow-slot-in-a-canyon-rcNGrAFxKZQ,full/f83846f6e6f2b427baee97eae9568b7038611d26.jpg,a person standing in a narrow slot in a canyon,"Editorial, Travel"
https://unsplash.com/photos/a-small-waterfall-under-a-bridge-in-the-woods-8f9wf9EADcg,full/1a17d6ed49bdb3126cad29a5bdfd735a3f21952e.jpg,a small waterfall under a bridge in the woods,"Editorial, Travel"
https://unsplash.com/photos/the-top-of-a-building-with-a-clock-on-it-_UsxlbWGVBw,full/39a001648131d679d832791c06478b55acf92016.jpg,the top of a building with a clock on it,Travel
https://unsplash.com/photos/a-couple-of-people-standing-on-top-of-a-sandy-beach-_3kCOGsSjVQ,full/521e8401a89410e33352f520c1695d0bb250376d.jpg,a couple of people standing on top of a sandy beach,"Editorial, Travel"
https://unsplash.com/photos/woman-in-white-bikini-standing-on-beach-during-daytime-Vh44AY1k22Q,full/9a14bdd3b4b04f9966f9347d4cc04aed41c29c28.jpg,woman in white bikini standing on beach during daytime,"Editorial, Travel"
https://unsplash.com/photos/a-house-with-a-cactus-in-front-of-it-CNpfNSGgA4A,full/4dd19d7d2b55de4cbe67d2c55ac039b33f46b3d3.jpg,a house with a cactus in front of it,Architecture & Interiors
https://unsplash.com/photos/modern-interior-of-living-room-have-chair-with-table-on-white-wall-and-wood-floor3d-rendering-8wYbD8JKg4g,full/c33abb9edd5bb37a76d087fb3d8326138b32ed75.jpg,Modern interior of living room have chair with table on white wall and wood floor.3D rendering,Architecture & Interiors
https://unsplash.com/photos/a-close-up-of-a-wooden-stair-case-kmMmPeCWph4,full/cb5e6b9f7aabb67f22bd312c0d0f88505bb20af0.jpg,a close up of a wooden stair case,Architecture & Interiors
https://unsplash.com/photos/a-bunch-of-flowers-that-are-on-the-side-of-a-building-8JYsdb4i9Gw,full/1ea15597632a365862575e1fd245d4ffaacde711.jpg,a bunch of flowers that are on the side of a building,Architecture & Interiors
https://unsplash.com/photos/a-close-up-of-a-building-with-a-fire-hydrant-f7dnjz9Ct34,full/4697a122782bb567effb9164f65d4df6b6aeb6f6.jpg,a close up of a building with a fire hydrant,Architecture & Interiors
https://unsplash.com/photos/a-kitchen-with-a-wooden-counter-top-next-to-a-stove-top-oven-FPhpVpwUviA,full/37bd9115c696a430c51b3afba4e9115ea16d0624.jpg,a kitchen with a wooden counter top next to a stove top oven,"Editorial, Architecture & Interiors"
https://unsplash.com/photos/a-row-of-empty-seats-in-a-stadium-7JJxxwLtLwA,full/7287ccc572b67d18fdabe4542717acc77c84b8a3.jpg,a row of empty seats in a stadium,Architecture & Interiors
https://unsplash.com/photos/a-living-room-with-a-couch-and-a-stair-case-6qU3psompOQ,full/9c356a685684f841cf2609308067cee60bfe91fb.jpg,a living room with a couch and a stair case,Architecture & Interiors
https://unsplash.com/photos/a-room-filled-with-lots-of-wooden-tables-and-chairs-Vr0onSzJjbk,full/4ddadf8b5fb3e0d3798ea1ac8ced5b87fea31a0a.jpg,a room filled with lots of wooden tables and chairs,Architecture & Interiors
https://unsplash.com/photos/a-red-and-white-building-with-a-tree-in-the-background-yTwp6PhhcEc,full/d91b7d4310abf912f44570962a228b5a5a22ea34.jpg,a red and white building with a tree in the background,"Architecture & Interiors, Street Photography"
https://unsplash.com/photos/a-red-and-white-building-with-a-white-stair-case-iSzi2AFVl-g,full/5705712e535fb0cd2bdc6c5465a81065466c6537.jpg,a red and white building with a white stair case,Architecture & Interiors
https://unsplash.com/photos/a-wooden-desk-topped-with-a-wooden-chair-next-to-a-window-bbHxtT5kPSU,full/2373fce3df788ac0cc8ebaa7a5bac7d7cc2ebf1c.jpg,a wooden desk topped with a wooden chair next to a window,Architecture & Interiors
https://unsplash.com/photos/a-white-room-with-a-potted-plant-on-the-floor-VQEYYTzWVRs,full/86361ffd539cfe66c48d71237a214f90683fa146.jpg,a white room with a potted plant on the floor,Architecture & Interiors
https://unsplash.com/photos/a-set-of-wooden-stairs-leading-up-to-a-large-window-JNJ7QJP55JE,full/2c56b19832f67519f5c07e9a79e1d079d624461c.jpg,a set of wooden stairs leading up to a large window,Architecture & Interiors
https://unsplash.com/photos/a-red-door-in-front-of-a-white-building-waR9_psIv2Q,full/61a57dee23f57afb56942ec185082942a8522e16.jpg,a red door in front of a white building,Architecture & Interiors
https://unsplash.com/photos/a-group-of-wooden-chairs-sitting-under-a-red-roof-5Q67IKCm4wE,full/7f1b3151db888cd75051101c36cc61dc601d535f.jpg,a group of wooden chairs sitting under a red roof,Architecture & Interiors
https://unsplash.com/photos/a-red-and-white-building-with-many-windows-wrojLQZSMUc,full/de7e1a8353fb38faa05cbb77a165609c881f8c34.jpg,a red and white building with many windows,Architecture & Interiors
https://unsplash.com/photos/a-red-staircase-leading-to-the-top-of-a-building-KfwMlKSLiGU,full/6317a81463585f0f6774be99d5692d4247e00d4f.jpg,a red staircase leading to the top of a building,Architecture & Interiors
https://unsplash.com/photos/green-palm-tree-under-blue-sky-during-daytime-C1O37F3IAVc,full/6c017df5ff53d2a0ee6e53728b11901139cf7d19.jpg,green palm tree under blue sky during daytime,Textures & Patterns
https://unsplash.com/photos/a-bunch-of-pink-flowers-sitting-on-top-of-a-table-_NbPMyUBhCk,full/080494e0fb218818aeb563e0bbf3bc4f34e63319.jpg,a bunch of pink flowers sitting on top of a table,"Film, Experimental, Textures & Patterns"
https://unsplash.com/photos/a-close-up-view-of-a-purple-substance--6SjV3U8grU,full/ae505b39fdf65011c8713a6d2b2b69b42f0bf7a0.jpg,a close up view of a purple substance,"Editorial, Textures & Patterns"
https://unsplash.com/photos/a-multicolored-image-of-a-plane-flying-in-the-sky-4Qu6PfzNotE,full/2f9560782849dd7766428e0c421c6ee23046a2d2.jpg,a multicolored image of a plane flying in the sky,Textures & Patterns
https://unsplash.com/photos/a-multicolored-background-with-wavy-lines-QmfUgFqrvHc,full/0a23b145dbbae804e1264fc78fc77189e38ac9e4.jpg,a multicolored background with wavy lines,Textures & Patterns
https://unsplash.com/photos/a-black-and-white-photo-of-wavy-lines-EvHQtQljEIE,full/5f6cbd5af2bfaa36730278c49fe24ce031cd471f.jpg,a black and white photo of wavy lines,"Editorial, Textures & Patterns"
https://unsplash.com/photos/a-purple-background-with-a-red-and-black-feather-iKoSSOV2yM4,full/38e2b9fd8e657654112d4fc1127908e42588d8da.jpg,a purple background with a red and black feather,"Editorial, Textures & Patterns"
https://unsplash.com/photos/an-abstract-painting-of-a-red-orange-blue-and-pink-rectangle-HCzehPU2yuM,full/ee5c2426590649195c6080a15b88765d3e05e80c.jpg,"an abstract painting of a red, orange, blue, and pink rectangle",Textures & Patterns
https://unsplash.com/photos/red-and-white-abstract-painting-OlKVp4mrdRU,full/25ae5e98858794cc48baf84525fd3fed3226d49f.jpg,red and white abstract painting,"Editorial, Textures & Patterns"
https://unsplash.com/photos/a-black-background-with-pink-and-purple-lines-C0pMGRQfgSs,full/52d5da2b29fc94aa159b3ec4a23c0bf47cdc597f.jpg,a black background with pink and purple lines,"Editorial, Textures & Patterns"
https://unsplash.com/photos/a-tree-with-pink-flowers-and-a-blue-sky-in-the-background-PUcM4VW1nBc,full/4d60c49a06d640c51b0af755ce79fe3ed8f63d8e.jpg,a tree with pink flowers and a blue sky in the background,"Nature, Textures & Patterns"
https://unsplash.com/photos/a-field-full-of-wildflowers-and-daisies-1FlykidMS6k,full/aacaedd9c970f9e884787d15f605d0e5315c4972.jpg,a field full of wildflowers and daisies,"Nature, Experimental, Textures & Patterns"
https://unsplash.com/photos/a-pink-and-blue-sky-with-some-clouds-S-2Ukb_VqpA,full/496b824e5f6726269d306c4304d0781d5b5c9da7.jpg,a pink and blue sky with some clouds,"Editorial, Experimental, Spirituality"
https://unsplash.com/photos/a-tall-red-brick-building-with-lots-of-windows-CqF7AQqzK-4,full/6a0db7c7fc8c4a88b62d2af06240a5abb34dfcab.jpg,a tall red brick building with lots of windows,"Architecture & Interiors, Textures & Patterns"
https://unsplash.com/photos/a-black-and-white-photo-of-a-building-RmsxCpzVR5w,full/b998969b99c9e9e2955c0f0d46c514aba76aa121.jpg,a black and white photo of a building,"Editorial, Textures & Patterns, Black & White"
https://unsplash.com/photos/a-close-up-of-a-red-and-black-object-wx_8f9TPgRk,full/296257caa8ee05800b629c35f4f4849929333452.jpg,a close up of a red and black object,Textures & Patterns
https://unsplash.com/photos/a-black-and-white-photo-of-a-window-with-blinds-Sxsz6fLfq3I,full/bca1d03201710c6260f66ceafdc0a841751acae3.jpg,a black and white photo of a window with blinds,Textures & Patterns
https://unsplash.com/photos/white-clouds-and-blue-sky-YTV-GHH9VpQ,full/85a5dd47df1113141c99d22ebf48ccf9fa142b05.jpg,white clouds and blue sky,"Editorial, Wallpapers, Textures & Patterns"
https://unsplash.com/photos/a-bunch-of-pink-flowers-that-are-blooming-9hcWxz9t9LU,full/e81a634311486902fc7bd68ba7c7a1675458e3e3.jpg,a bunch of pink flowers that are blooming,Textures & Patterns
https://unsplash.com/photos/a-person-riding-a-bike-with-a-dog-on-a-leash-zIli20w_IjU,full/83dc73025039ccddc8d924c6c9280c4168b52ce8.jpg,a person riding a bike with a dog on a leash,Street Photography
https://unsplash.com/photos/a-black-and-white-photo-of-a-building-BGjb2hlF-tA,full/3cc38e29b23d993957d7ccf4fe197b48457074a2.jpg,a black and white photo of a building,Street Photography
https://unsplash.com/photos/a-group-of-people-standing-around-a-food-cart-DGXi8Pbas5g,full/6b94102a59e648823d3663581da2281f0b26a023.jpg,a group of people standing around a food cart,Street Photography
https://unsplash.com/photos/a-couple-of-people-walking-down-a-street-at-night-V3kz_2uu6XY,full/5d27266848431af96944c93a92800bc7005d93df.jpg,a couple of people walking down a street at night,Street Photography
https://unsplash.com/photos/a-long-hallway-with-a-light-at-the-end-of-it--sVy_hskqzY,full/388001a4dfe4e3b21146de56d7bfa1513b3e8c22.jpg,a long hallway with a light at the end of it,Street Photography
https://unsplash.com/photos/a-train-traveling-down-tracks-next-to-tall-buildings-7g58anDGd0Q,full/7c9474805a9e049f3d595557061f0c800fafa4c0.jpg,a train traveling down tracks next to tall buildings,Street Photography
https://unsplash.com/photos/a-narrow-alley-way-with-neon-signs-on-the-buildings-SbThzhdbhUQ,full/ee62ccbf5d3ded539798578484b08b95dd37e967.jpg,a narrow alley way with neon signs on the buildings,"Film, Street Photography"
https://unsplash.com/photos/a-person-riding-a-bike-down-a-street-FXF1OA4__SU,full/7d9c2e3bf3721f2129de62ba70d8243663ce1393.jpg,a person riding a bike down a street,Street Photography
https://unsplash.com/photos/a-man-riding-a-bike-down-a-street-next-to-tall-buildings-mUxRPeq-jcg,full/0c4e8acb86cdba42dfcac2ce82b5f187333cc6a7.jpg,a man riding a bike down a street next to tall buildings,Street Photography
https://unsplash.com/photos/a-woman-walking-down-a-street-holding-an-umbrella-e-7TNbgqQzU,full/c985179544bf4291d028a086d6b1bdc3bde60ccb.jpg,a woman walking down a street holding an umbrella,Street Photography
https://unsplash.com/photos/a-cat-sitting-on-the-seat-of-a-motorcycle-xooCSIugggE,full/357da132eab9ad60d771def13a4c477265a14c12.jpg,a cat sitting on the seat of a motorcycle,Street Photography
https://unsplash.com/photos/a-group-of-people-walking-across-a-street-holding-umbrellas-dVglmTzc42k,full/06c4ca96d243a24fad998dd572dab4127ba5919c.jpg,a group of people walking across a street holding umbrellas,Street Photography
https://unsplash.com/photos/a-group-of-people-standing-in-front-of-a-food-truck-venvpRzgH4Y,full/d17fc45925e31de3f819f9f67a21e99be3192bd6.jpg,a group of people standing in front of a food truck,Street Photography
https://unsplash.com/photos/a-man-walking-down-a-sidewalk-next-to-a-tall-building-vJiVTOMMGcI,full/5480bb6dabaf68e8088018064b3bdc3ebd85af25.jpg,a man walking down a sidewalk next to a tall building,Street Photography
https://unsplash.com/photos/a-group-of-people-standing-on-the-side-of-a-road-next-to-a-train-3N3B_qWJ_os,full/1edfc2bde7c6cf4cb0d10c06a58fc3f25af9cd49.jpg,a group of people standing on the side of a road next to a train,Street Photography
https://unsplash.com/photos/a-black-and-white-photo-of-people-walking-on-a-sidewalk-k30hSNnTQuI,full/51b033edf03f54c5a120cf499ea669b712839160.jpg,a black and white photo of people walking on a sidewalk,Street Photography
https://unsplash.com/photos/a-city-street-filled-with-lots-of-tall-buildings-oobuT8JssJY,full/7a61d81a307d2800d29acf5549823ddafbb399e1.jpg,a city street filled with lots of tall buildings,Street Photography
https://unsplash.com/photos/a-field-full-of-yellow-flowers-with-trees-in-the-background-gKJ5qdLLdrE,full/ebed7fc5cc5e5ffab5ae331feccd09d5c5df2f33.jpg,a field full of yellow flowers with trees in the background,Film
https://unsplash.com/photos/a-tree-branch-with-white-flowers-on-it-W2aiAaOiZCQ,full/b8e1b42209f6d06bbf57ec0ab928885a67c266d2.jpg,a tree branch with white flowers on it,Film
https://unsplash.com/photos/a-couple-of-people-standing-on-top-of-a-rock-jTVS8gWc4Vg,full/923ac70cbb6b27928879b00d2fd53dc6b0fc64e4.jpg,a couple of people standing on top of a rock,Film
https://unsplash.com/photos/a-row-of-wooden-buildings-sitting-on-the-side-of-a-road-YlHvmWWkrX8,full/a091bcaa49c76bbbcba272ce75c3c2b8a9f3083a.jpg,a row of wooden buildings sitting on the side of a road,Film
https://unsplash.com/photos/a-close-up-of-the-front-end-of-a-blue-vw-bug-ayparwDeWfI,full/c52a89a7a76518ced2237d9edf6b3fc86b568f00.jpg,a close up of the front end of a blue vw bug,Film
https://unsplash.com/photos/a-group-of-people-walking-across-a-snow-covered-field-ELWo0ZBrcoU,full/e23882d379f76917faa11bf4da1972c0e6d59647.jpg,a group of people walking across a snow covered field,Film
https://unsplash.com/photos/a-large-white-boat-sitting-on-top-of-a-body-of-water-8rsQcXEBYhs,full/74760beccdb0d60b97783037af8585b192159488.jpg,a large white boat sitting on top of a body of water,Film
https://unsplash.com/photos/a-house-with-clothes-hanging-out-to-dry-f6z8zneIuBc,full/b546a624be2b71218a30d08b05d9c5f0e82714c4.jpg,a house with clothes hanging out to dry,Film
https://unsplash.com/photos/a-group-of-people-walking-up-and-down-a-set-of-stairs-J9jlpY1o8sg,full/32329c085a82aec5f2929599eb92d57dd0327f74.jpg,a group of people walking up and down a set of stairs,Film
https://unsplash.com/photos/a-long-hallway-with-a-clock-on-the-wall-lxiafWtM190,full/61af001d411fbd887195027f603f180e76d8a9af.jpg,a long hallway with a clock on the wall,Film
https://unsplash.com/photos/a-telephone-pole-with-a-sky-background-IzQT3l4Enog,full/c397aea324a9866288f1b5b5d0fda16393ddd101.jpg,a telephone pole with a sky background,Film
https://unsplash.com/photos/a-group-of-cars-parked-next-to-each-other-in-a-parking-lot-3DnDttwz4U8,full/c32ab82d21b3caf4b7ec71ade9a035cde46329cf.jpg,a group of cars parked next to each other in a parking lot,Film
https://unsplash.com/photos/a-group-of-people-laying-on-top-of-a-sandy-beach-X0Y_8K7IUDk,full/27f13538f47ad82d27541253e84b57f611ceb253.jpg,a group of people laying on top of a sandy beach,Film
https://unsplash.com/photos/a-black-and-white-photo-of-a-bed-in-a-bedroom-G-EQoCI4a8Q,full/809e64f1d0e8351a19d084a9ee786e9a422a3c49.jpg,a black and white photo of a bed in a bedroom,"Editorial, Architecture & Interiors, Film"
https://unsplash.com/photos/a-body-of-water-with-a-boat-in-it-_eSnizMO9Qg,full/2e70313864c2b0d5fd6f1a77fa1188e4b4b4aa74.jpg,a body of water with a boat in it,Film
https://unsplash.com/photos/a-cat-sitting-in-a-basket-on-top-of-a-table-Zp4TRGAY7Ps,full/d8c2607c39710293511326d14a0990256d7b36aa.jpg,a cat sitting in a basket on top of a table,Film
https://unsplash.com/photos/a-person-on-a-boat-with-a-yellow-hat-W5MPx-fldzk,full/a855f37ac8accd83975f3bd7d45c9884e7cdba78.jpg,a person on a boat with a yellow hat,Film
https://unsplash.com/photos/a-statue-in-the-middle-of-a-city-square-pxhif_I7D8c,full/1b90ea8586d9deea14fa229857a46a1f35d582e8.jpg,a statue in the middle of a city square,Film
https://unsplash.com/photos/a-group-of-people-sitting-at-tables-in-a-restaurant-AIO66X7tbHY,full/9d97da2a7245a571df12df3cfc2d33021c3d5146.jpg,a group of people sitting at tables in a restaurant,Film
https://unsplash.com/photos/a-black-and-white-drawing-of-a-mountain-range-4AQF0MIp9vc,full/c381b4e972ce37ef42af2a5ee0c7c46a6844f278.jpg,a black and white drawing of a mountain range,Archival
https://unsplash.com/photos/BoK3bvIIyuc,full/2c2b2c55e542cdb14387f249303c81212bae6cc8.jpg,noname,Archival
https://unsplash.com/photos/grayscale-photo-of-woman-in-white-robe-sitting-on-chair-UDSB-1P9WSk,full/3b44843dfc7d82fcb53010d2c4b4289ef108f0ea.jpg,grayscale photo of woman in white robe sitting on chair,Archival
https://unsplash.com/photos/a-group-of-people-standing-on-top-of-a-mountain-BKKc0apuKEU,full/619af04b692e4bd2f79387fb3642e8b71acbdddc.jpg,a group of people standing on top of a mountain,Archival
https://unsplash.com/photos/a-black-and-white-drawing-of-a-geometric-design-JKgNZC0AwKs,full/026edadc974f17ed67b4b73682b2cc9669674df8.jpg,a black and white drawing of a geometric design,Archival
https://unsplash.com/photos/a-black-and-white-drawing-of-a-zebra-in-the-rain-BhecPUbzFWU,full/1e7acf99f1361ac87ac6eb1a37419123d47d8d5c.jpg,a black and white drawing of a zebra in the rain,Archival
https://unsplash.com/photos/ZsRtDJXRd9E,full/ba8525273252b9fd2311214db9ab92e396137584.jpg,noname,Archival
https://unsplash.com/photos/grayscale-photo-of-union-square-VTy7q4wabHc,full/cd962776a789decc6112a48c982b06d929f868a5.jpg,grayscale photo of Union Square,Archival
https://unsplash.com/photos/grayscale-photo-of-2-women-riding-on-bicycle-lQCwvbmkqSg,full/76a6215b1e0149dec764b755b8ffc7e650b6066c.jpg,grayscale photo of 2 women riding on bicycle,"Editorial, Archival"
https://unsplash.com/photos/a-drawing-of-a-plan-of-a-park-U4ckcHqIuKg,full/52dbd2504ea592e126f69c201803076ade4abc6b.jpg,a drawing of a plan of a park,"Archival, Black & White"
https://unsplash.com/photos/KUf621FjcdY,full/5c96222fb0b7ea154ea1bb4013bd8c89579982e9.jpg,noname,Archival
https://unsplash.com/photos/a-drawing-of-a-mountain-with-trees-in-the-foreground-hi4s9wvbMLU,full/da1ff520666e58e78f00c9dc459c091ec5bf4479.jpg,a drawing of a mountain with trees in the foreground,Archival
https://unsplash.com/photos/a-black-and-white-drawing-of-a-rural-landscape-4o5LHOQy1cY,full/581eed1536572bab64b5f2d489084751c885f057.jpg,a black and white drawing of a rural landscape,Archival
https://unsplash.com/photos/a-couple-of-women-standing-in-front-of-a-building-A5limNE07Lg,full/1a60232b26f63f350de43da9c79b3457f67aa7df.jpg,a couple of women standing in front of a building,Archival
https://unsplash.com/photos/grayscale-photo-of-cherry-blossom-W9HkzUc0wo4,full/b84d53f5a7f3ff39421689bba1c6cb4aa53eede3.jpg,grayscale photo of cherry blossom,"Editorial, Archival"
https://unsplash.com/photos/a-pencil-drawing-of-a-human-skull-4lbwZ7vaEhA,full/d9d64e570b46ab9e2320df9888619b078af46541.jpg,a pencil drawing of a human skull,Archival
https://unsplash.com/photos/a-black-and-white-drawing-of-a-man-standing-on-a-hill-K2JnS1ByVZ8,full/536024f07264c304dc76199fa59b93ae798dd739.jpg,a black and white drawing of a man standing on a hill,Archival
https://unsplash.com/photos/a-boat-floating-on-top-of-a-large-body-of-water-mTWe6x5_ozA,full/f7c057d808b7eafaeffaa8c03ac1d60d9b4876ca.jpg,a boat floating on top of a large body of water,Archival
https://unsplash.com/photos/a-blurry-photo-of-a-tree-in-a-field-7owBqLwsW9M,full/aed80d16b88afa5202612f98d95005ef45aa4431.jpg,a blurry photo of a tree in a field,"Experimental, Wallpapers"
https://unsplash.com/photos/an-aerial-view-of-a-church-surrounded-by-trees-COXcVbfG7pU,full/ac623fecb1c4425a651348d70e1873c893eb0ec5.jpg,an aerial view of a church surrounded by trees,Experimental
https://unsplash.com/photos/man-and-woman-kissing-on-brown-tree-trunk-during-daytime-grfzetLWCq0,full/13d12ae15320910398afd7cd227f96b017b482a7.jpg,man and woman kissing on brown tree trunk during daytime,"Editorial, Experimental"
https://unsplash.com/photos/3XNmV2j1rtk,full/327f3b9d3cba78aa58690d7c7aca99e1247061e7.jpg,noname,Archival
https://unsplash.com/photos/a-woman-in-a-white-dress-holding-a-flower-in-front-of-her-face-HE7y2l-FYps,full/927351cfe30641d0aa9dfc710570b51aac21c68a.jpg,a woman in a white dress holding a flower in front of her face,"Editorial, Experimental"
https://unsplash.com/photos/two-men-standing-next-to-each-other-pointing-at-the-camera-7bZSN_seOfc,full/481fd2e7862374aacddf74186c2fcbb31aabee40.jpg,two men standing next to each other pointing at the camera,Experimental
https://unsplash.com/photos/shrimp-on-cup-sVvYPOmF8DA,full/f779747ab7ff68039dbe5f0711a9e71f83a61542.jpg,shrimp on cup,"Editorial, Experimental, Food & Drink"
https://unsplash.com/photos/a-branch-of-a-tree-with-snow-on-it-yyPKXY95Fr8,full/8522ba36827a22f7d233f5691943bcf20602879c.jpg,a branch of a tree with snow on it,Experimental
https://unsplash.com/photos/boy-on-ladder-under-blue-sky-Ba6IlmAzl-k,full/d4e6dda9232f6a74beeaa6cb0e433db8a68073c6.jpg,boy on ladder under blue sky,Experimental
https://unsplash.com/photos/a-road-that-has-a-tree-on-the-side-of-it-gu7Y5c6TvSE,full/899231e1446de78f33b266b8d426ab799bcd0598.jpg,a road that has a tree on the side of it,Experimental
https://unsplash.com/photos/a-black-background-with-yellow-and-red-lines-TjghSgE-yVg,full/b02baa3006df63226825d59a5a672ccb0eab5442.jpg,a black background with yellow and red lines,Experimental
https://unsplash.com/photos/a-very-tall-building-reflected-in-the-windows-of-another-building-5IFDN4Z-Ozs,full/db02a2b0b57e49668dce201940b00f5d9da0a789.jpg,a very tall building reflected in the windows of another building,Experimental
https://unsplash.com/photos/a-spiral-of-blue-lights-in-the-dark-0-WEiQROR_E,full/cff88bb6a23a64eadc3b050e9ddb265c329c0d2f.jpg,a spiral of blue lights in the dark,Experimental
https://unsplash.com/photos/a-close-up-of-a-red-surface-with-white-and-blue-designs-Ax91nfmakxo,full/e52a25139582dfb0f78e12166f699ec235bb9387.jpg,a close up of a red surface with white and blue designs,Experimental
https://unsplash.com/photos/woman-in-black-and-white-shirt-5zq0qquRL9w,full/ead8bff6be98b9a95d688ba912b1c263d5a581e0.jpg,woman in black and white shirt,"Editorial, Experimental"
https://unsplash.com/photos/R4lGkP8iKWw,full/369028741a4780115b575048159313ac85ae9f8c.jpg,noname,Experimental
https://unsplash.com/photos/a-piece-of-fruit-sitting-on-top-of-a-white-table-wB8AqWpIVTk,full/7a93d129d8a6b60279884ab36c6996c9e6c1b765.jpg,a piece of fruit sitting on top of a white table,"Experimental, Wallpapers"
https://unsplash.com/photos/stainless-steel-fork-with-sliced-breaded-meat-1CepXNIjP7Q,full/961b7eb8f842f6f97258fcee679feed2940509d4.jpg,stainless steel fork with sliced breaded meat,"Editorial, Experimental, Food & Drink"
https://unsplash.com/photos/a-bald-eagle-with-white-and-black-feathers-fFQB2g_xLOI,full/7f910046b65706125a345d65a184968b514c8a50.jpg,a bald eagle with white and black feathers,Animals
https://unsplash.com/photos/a-couple-of-white-dogs-laying-on-top-of-a-lush-green-field-xg8iHPAl9G4,full/9b5b2c59c95e232545a5b46c26e23045209e1399.jpg,a couple of white dogs laying on top of a lush green field,Animals
https://unsplash.com/photos/a-couple-of-deer-standing-next-to-each-other-p9fSi0lUqXs,full/c184548c78868ff3fc585e49314fa8f89e6c0e52.jpg,a couple of deer standing next to each other,Animals
https://unsplash.com/photos/a-brown-bear-swimming-in-a-body-of-water-V3dIguQugjs,full/0c54101c953359c5c4540a563314a0b678837b12.jpg,a brown bear swimming in a body of water,Animals
https://unsplash.com/photos/a-couple-of-sheep-standing-on-top-of-a-lush-green-field-ZeE0I2eV0qA,full/1646273c8f029b6fa6a55add9deb18fdbceafae8.jpg,a couple of sheep standing on top of a lush green field,Animals
https://unsplash.com/photos/a-large-black-bear-walking-across-a-lush-green-field-9bbThAkVczA,full/71bd8907acd62aafebeb96dda2ba0f715ff8ba92.jpg,a large black bear walking across a lush green field,Animals
https://unsplash.com/photos/a-porcupine-is-walking-through-the-grass-ckQ7TLHeGyE,full/956969174f8e83a3e7328e1e46b08797d4197711.jpg,a porcupine is walking through the grass,Animals
https://unsplash.com/photos/a-white-wolf-standing-in-tall-grass-looking-at-the-camera-_5d73WihNkE,full/743fc1116ba0898b969c3216b7e4c8d769c13b6b.jpg,a white wolf standing in tall grass looking at the camera,Animals
https://unsplash.com/photos/a-close-up-of-a-cat-looking-out-of-a-window-DXNb80Vp21c,full/8ba82967762c4d724a5e921fc39f92ba0b599ed7.jpg,a close up of a cat looking out of a window,Animals
https://unsplash.com/photos/a-white-and-gray-dog-laying-in-a-field-of-flowers-10Rczjd1hJI,full/1a0877a022f186208cbf60fc09f984e18b33dcf1.jpg,a white and gray dog laying in a field of flowers,Animals
https://unsplash.com/photos/a-bald-eagle-sitting-on-top-of-a-metal-pole-oGu4_NudbOw,full/7eb14871650776bd769c8bef74db05b65d8fb541.jpg,a bald eagle sitting on top of a metal pole,Animals
https://unsplash.com/photos/a-close-up-of-a-small-animal-in-a-field-W_7q-ejVVAc,full/2ac19a8de6a86b4f443e4979b393f0d585e645d7.jpg,a close up of a small animal in a field,Animals
https://unsplash.com/photos/a-cat-is-laying-in-a-field-of-flowers-aRG3hjJX4dM,full/db11ed5adc63faa5fe8d841c43cfa6add8b8e4e9.jpg,a cat is laying in a field of flowers,Animals
https://unsplash.com/photos/a-goat-standing-on-top-of-a-rocky-hillside-86C42XPW80U,full/986344b7274029da22fc9ce05961a220dc9e559b.jpg,a goat standing on top of a rocky hillside,Animals
https://unsplash.com/photos/a-porcupine-walking-on-the-ground-next-to-a-log-BIn8eSUDbc0,full/d92b5bd76a0140ca928207a52371d6ce075846d3.jpg,a porcupine walking on the ground next to a log,Animals
https://unsplash.com/photos/a-black-wolf-laying-on-top-of-a-dry-grass-field-MD6wA5Nqa-k,full/a6e70f460d4c289ebf12d0f5d0ba182a0f4bc1d9.jpg,a black wolf laying on top of a dry grass field,"Editorial, Animals"
https://unsplash.com/photos/a-mountain-goat-standing-on-top-of-a-rock-7YHfs7rE8rM,full/2eb059adb22297aab71d8bbaa2904510bbe19587.jpg,a mountain goat standing on top of a rock,Animals
https://unsplash.com/photos/a-bald-eagle-with-its-mouth-open-showing-teeth-uRlA9qDMt7Q,full/23f86f4789bb3726c364b4366ecb281dc00bd2e0.jpg,a bald eagle with its mouth open showing teeth,Animals
https://unsplash.com/photos/a-monkey-holding-a-baby-monkey-in-its-arms-PeqamjVTGZQ,full/c238e8541185e883d754a37c77ed3b21f9c32d37.jpg,a monkey holding a baby monkey in its arms,Animals
https://unsplash.com/photos/woman-in-red-leather-jacket-Oirlhf0D5oQ,full/609d1e8d68b0fc515a4c1a1bbb9b100b63f0f413.jpg,woman in red leather jacket,Fashion & Beauty
https://unsplash.com/photos/woman-sitting-on-black-crt-tv-uNWNFSgUa1c,full/4675d0de8beb646a07d09198333114b8bc2b773c.jpg,woman sitting on black CRT TV,Fashion & Beauty
https://unsplash.com/photos/group-of-women-in-blue-and-pink-traditional-dresses-bhJfx7t4QUA,full/8f9214764f07f5cfcbbbfa409c01f0af530df926.jpg,group of women in blue and pink traditional dresses,Fashion & Beauty
https://unsplash.com/photos/woman-in-red-and-white-sweater-wearing-pink-knit-cap-7AbaE-DDBd8,full/45a6a8c17e9913a914fb6aeee9f8e288d3257f51.jpg,woman in red and white sweater wearing pink knit cap,"Editorial, Fashion & Beauty"
https://unsplash.com/photos/a-man-standing-in-front-of-a-blue-wall-VTWgwQLVpW8,full/a7ae138bb746d86c828a972c03d5d657856ed88a.jpg,a man standing in front of a blue wall,"Editorial, People, Fashion & Beauty"
https://unsplash.com/photos/woman-in-red-one-piece-swimsuit-standing-on-red-curtain-ztBujNIqNzg,full/bb55dd4395bd36970c8cc395d8a56443146a088a.jpg,woman in red one piece swimsuit standing on red curtain,"Editorial, Fashion & Beauty"
https://unsplash.com/photos/close-up-shot-of-beautiful-young-woman-face-getting-make-up-the-artist-is-applying-eyeshadow-base-with-brush-professional-beautician-work-0YlQBtEWRuc,full/f008e0113feca101c3d310203dc396ad478e6efc.jpg,Close up shot of beautiful young woman face getting make-up. The artist is applying eyeshadow base with brush. Professional beautician work.,Fashion & Beauty
https://unsplash.com/photos/woman-in-beige-tube-dress-k49kD3YXOsc,full/6592701cde06455f6a6b0aa611d5f4455db9487c.jpg,woman in beige tube dress,Fashion & Beauty
https://unsplash.com/photos/woman-in-black-and-white-striped-shirt-2dwJD7JbuMA,full/421b7afdd2cb34f988d4e6d8a86fed0d386232a1.jpg,woman in black and white striped shirt,"Editorial, Fashion & Beauty"
https://unsplash.com/photos/a-man-standing-in-front-of-a-blue-wall-ttc3iTkN-ZE,full/ef42ef1b64d609ce35e24dda59340cf56a0a4670.jpg,a man standing in front of a blue wall,"Editorial, Fashion & Beauty"
https://unsplash.com/photos/portrait-of-smiling-mixed-race-trap-girl-girl-is-standing-against-the-wall-zKZu-D0t82s,full/1587454140810da3741bdbe10a99ea1561fc061b.jpg,Portrait of smiling mixed race trap girl. Girl is standing against the wall.,Fashion & Beauty
https://unsplash.com/photos/a-woman-wearing-overalls-and-a-black-sweater-is-holding-a-camera-up-to-her-9Glp9Y7ogCY,full/3301060aa3fce60d41ef8ff1ee65b6315e474efa.jpg,a woman wearing overalls and a black sweater is holding a camera up to her,"Editorial, Fashion & Beauty, People"
https://unsplash.com/photos/a-woman-sitting-on-a-ledge-next-to-a-tree-V6eG1kwCfIc,full/b7d6543436f618d00384da539f5f3307729bb50e.jpg,a woman sitting on a ledge next to a tree,Fashion & Beauty
https://unsplash.com/photos/a-woman-sitting-on-a-bench-in-front-of-a-door-q6OXRpQj_0I,full/d30b0d96130056fbcf39f669570f095c37b708bc.jpg,a woman sitting on a bench in front of a door,"Editorial, Fashion & Beauty"
https://unsplash.com/photos/stock-photo-of-beautiful-afro-women-posing-in-studio-shot-against-brown-background-lMcZYla4NDI,full/d8a26b59d9e3041171fd9a7df432f2d1824d52b4.jpg,Stock photo of beautiful afro women posing in studio shot against brown background.,Fashion & Beauty
https://unsplash.com/photos/a-man-and-a-woman-standing-in-front-of-a-red-curtain-fyFEG-spKhI,full/7662b46725c61269f06653bac359c8ae24ebda54.jpg,a man and a woman standing in front of a red curtain,Fashion & Beauty
https://unsplash.com/photos/a-close-up-of-a-persons-legs-wearing-black-boots-i1V1dveoALA,full/96b982d6e9c004fa8d3acb44a4f7125029758caf.jpg,a close up of a person's legs wearing black boots,Fashion & Beauty
https://unsplash.com/photos/sitting-woman-wearing-white-lace-dress-with-white-background-rAm4iLNm5zo,full/52eec84a22a324f7ff174758f9c7c700e091bcb3.jpg,sitting woman wearing white lace dress with white background,"Editorial, Fashion & Beauty"
https://unsplash.com/photos/woman-in-black-long-sleeve-dress-leaning-on-gray-concrete-wall-during-daytime-WrWwvetRQaQ,full/750c8bf2d8d64a2da945d7f0ebd0023c6c23ed6d.jpg,woman in black long sleeve dress leaning on gray concrete wall during daytime,"Editorial, Fashion & Beauty"
https://unsplash.com/photos/a-couple-of-women-sitting-next-to-each-other-qFUfA8Vq3M0,full/a13f7727e36e76aca57e802036bfe386e9eeb4bf.jpg,a couple of women sitting next to each other,"Editorial, People"
https://unsplash.com/photos/womens-white-and-brown-floral-long-dress-standing-beside-body-of-water-during-golden-hour-7eRAFSVwEeM,full/93e967b9ea3cea71c12d5dd2938338abe3d71153.jpg,women's white and brown floral long dress standing beside body of water during golden hour,"Editorial, Fashion & Beauty, People"
https://unsplash.com/photos/grayscale-photo-of-woman-covering-her-face-with-her-hand-xYVVccDYH20,full/4175b7c5697745f41e84ece899ed4deaccde0994.jpg,grayscale photo of woman covering her face with her hand,"Editorial, People, Spirituality"
https://unsplash.com/photos/a-couple-of-people-that-are-standing-in-front-of-a-door-dyCeXvv-3ys,full/1b09a940d05a2b1f958ca7c6a14c8ca1ac6076aa.jpg,a couple of people that are standing in front of a door,"Editorial, People"
https://unsplash.com/photos/a-woman-sitting-at-a-table-in-front-of-a-pink-wall-We_05rLR2VE,full/fcae0c33c11d57755fc20886aae0a2a133142ca0.jpg,a woman sitting at a table in front of a pink wall,"Editorial, People, Fashion & Beauty"
https://unsplash.com/photos/man-and-woman-sitting-on-gray-wooden-bench-viewing-blue-sea-during-daytime-yRmmm3t1oX8,full/01a4ae0e72a4c126ba03615cc571cb4c123a4467.jpg,man and woman sitting on gray wooden bench viewing blue sea during daytime,People
https://unsplash.com/photos/woman-hugging-girl-on-bed-MHIDFUFN1gM,full/0ecdf535fdf643b8cdaf47067dd793443b1cef3d.jpg,woman hugging girl on bed,People
https://unsplash.com/photos/man-in-white-dress-shirt-hugging-woman-in-white-dress-deRqTSOWY0Y,full/3c7902324d81835cf2ea30a7a970d459440c45ac.jpg,man in white dress shirt hugging woman in white dress,People
https://unsplash.com/photos/woman-in-black-coat-standing-0Ot28WjQAfk,full/e4812b0f4f08db2cdc221f764506a13300c7877a.jpg,woman in black coat standing,People
https://unsplash.com/photos/woman-in-black-and-white-floral-shorts-standing-near-bicycle-XeH86PLtomc,full/097eb014b2b5d61e1ef73fe7a0daee28826200ae.jpg,woman in black and white floral shorts standing near bicycle,"Editorial, People"
https://unsplash.com/photos/woman-in-white-shirt-and-blue-denim-jeans-holding-hands-with-man-in-blue-denim-jeans-auLTINz3PnU,full/97ebbd3377d0686242ff323969ef6b8155c81df9.jpg,woman in white shirt and blue denim jeans holding hands with man in blue denim jeans,"Editorial, People"
https://unsplash.com/photos/wedding-at-purple-flower-field-xA7YvvQkElo,full/7e3e76aaf1fa728d26b8f308d4115f060a171d03.jpg,wedding at purple flower field,"Editorial, People"
https://unsplash.com/photos/silver-iphone-5s-and-case-near-white-printer-paper-on-table-rbDabmkWCQA,full/afc73971c43d321a749df13946dfca000019cd00.jpg,silver iPhone 5s and case near white printer paper on table,Spirituality
https://unsplash.com/photos/a-man-standing-in-front-of-a-body-of-water-QU1P9DhA5IE,full/04616834aeeafc2c536cd4d23d32bcd7a8899da5.jpg,a man standing in front of a body of water,"Editorial, People"
https://unsplash.com/photos/a-single-flower-that-is-sitting-in-the-corner-of-a-room-RZ1SUah3tUU,full/b2207577611a681214b32fc215cc386c59071777.jpg,a single flower that is sitting in the corner of a room,"Experimental, Spirituality, UGC"
https://unsplash.com/photos/god-loves-you-book-hw_nkQEer5c,full/197d2b0c73945575e292adff1300af971605e19a.jpg,God loves you book,Spirituality
https://unsplash.com/photos/trees-near-rocks-PvCWVKjJ5SM,full/29ff1bf376a6a5eee55704eda1306839ef3bf6c2.jpg,trees near rocks,"Editorial, Nature, Spirituality"
https://unsplash.com/photos/a-plant-with-leaves-l-iW97WzQDk,full/0297f85dbc3cdf418ee9d19c9dff60a200decebd.jpg,a plant with leaves,"Editorial, Spirituality"
https://unsplash.com/photos/a-close-up-of-a-plant-with-a-blurry-background-DpzV4MLz3Xk,full/81223dd66ad705825a13207ddd95ef5ff0fe3c40.jpg,a close up of a plant with a blurry background,Spirituality
https://unsplash.com/photos/a-large-bird-flying-through-a-gray-sky-Wi24fvSd7_Q,full/1bc293304deaa7c66254e5df7478f2e40f1f4893.jpg,a large bird flying through a gray sky,"Nature, Spirituality, Animals"
https://unsplash.com/photos/woman-in-white-spaghetti-strap-top-kLWNAodC8Tg,full/d99e6d133ca47691d374fda4ef13fe1930a1d679.jpg,woman in white spaghetti strap top,"Editorial, People, Spirituality"
https://unsplash.com/photos/a-mountain-range-with-a-few-clouds-in-the-sky-wtyODAX4rg8,full/6f194e0ac8002774dedea5202d43290d882fd83d.jpg,a mountain range with a few clouds in the sky,"Nature, Spirituality, Travel"
https://unsplash.com/photos/a-mountain-covered-in-snow-under-a-cloudy-sky-zbowrjiVx2c,full/109ecd72bcd2a441a80d4b197bf072bf66ccc660.jpg,a mountain covered in snow under a cloudy sky,"Nature, Spirituality"
https://unsplash.com/photos/a-cross-on-top-of-a-building-next-to-a-tree-ytU_UmRWVbI,full/df94b0951fbf7adb94f00edd61e068513b3daa80.jpg,a cross on top of a building next to a tree,Spirituality
https://unsplash.com/photos/a-large-cathedral-with-a-chandelier-hanging-from-the-ceiling-TQFzsMSSwK0,full/09f45b01a7e29202df235d8fc3cefcff61cd9198.jpg,a large cathedral with a chandelier hanging from the ceiling,Spirituality
https://unsplash.com/photos/a-tall-palm-tree-standing-in-the-middle-of-a-field-hrv0zoBqDuk,full/d077afbd524ab1a1d857696c93d267128387f573.jpg,a tall palm tree standing in the middle of a field,"Spirituality, Monochromatic"
https://unsplash.com/photos/a-woman-in-a-white-shirt-is-holding-a-book-dd9TFpYuqRo,full/88337a699190573d771c8a160ccfe1d0eb7c5397.jpg,a woman in a white shirt is holding a book,"Editorial, Spirituality"
https://unsplash.com/photos/a-group-of-vases-sitting-on-top-of-a-table-i01xOfobJh4,full/b2abc4bd08deea36886d49ca885797f6cefe40dd.jpg,a group of vases sitting on top of a table,"Editorial, Spirituality"
https://unsplash.com/photos/a-tall-clock-tower-with-a-cross-on-top-of-it-EyBPpJcFwFA,full/73bee8e8437835a0bf7bdbb82b53c292ebbdedbc.jpg,a tall clock tower with a cross on top of it,Spirituality
https://unsplash.com/photos/woman-wearing-blue-denim-jacket-wK9L2vbwXjM,full/2d5dfcdf007b79a6c69d669813d0aeb77e528221.jpg,woman wearing blue denim jacket,"People, Spirituality"
https://unsplash.com/photos/john-316-bible-verse-St-cXzrkN5c,full/2fc03aef0b9c653676a616696ddc4c037f287bbc.jpg,John 3:16 bible verse,Spirituality
https://unsplash.com/photos/white-printer-paper-4JxV3Gs42Ks,full/a98985c41e42a531d631a28472c9a1b4b619e002.jpg,white printer paper,"Editorial, Business & Work"
https://unsplash.com/photos/a-woman-standing-in-a-doorway-of-a-building-8j4G3WY_pF4,full/5a1715e45af82cecf611cae9d79fb4dcefce6c63.jpg,a woman standing in a doorway of a building,"Editorial, People, Street Photography"
https://unsplash.com/photos/a-pair-of-tax-refund-forms-on-an-orange-background-sKfoBbGB3mw,full/a3c5169b999b5132e1c335b1215ddb96ad85339a.jpg,a pair of tax refund forms on an orange background,Business & Work
https://unsplash.com/photos/a-man-and-a-woman-sitting-at-a-desk-SOmXAY9ntVM,full/586117c9cd754a0628b32b0f09cf31fc045db3e2.jpg,a man and a woman sitting at a desk,"Editorial, Business & Work"
https://unsplash.com/photos/a-creative-designer-woman-is-working-with-tablet-and-using-smart-phone-blank-screen-for-graphics-display-montage-IZTTlSWungE,full/d545c0502270827e437323f230442251fe3a72ed.jpg,A creative designer woman is working with tablet and using smart phone. Blank screen for graphics display montage.,Business & Work
https://unsplash.com/photos/a-person-sitting-at-a-desk-with-a-laptop-uysvGE_-GRY,full/3f438af91547cfd56685ad5c634dd377eb59cfe2.jpg,a person sitting at a desk with a laptop,"Editorial, Business & Work"
https://unsplash.com/photos/successful-group-of-business-people-designers-at-work-in-office-_rgERSIySFU,full/222865de1bafb026209e92bfb0629f076aea69f7.jpg,"Successful group of business people, designers at work in office",Business & Work
https://unsplash.com/photos/fashion-designer-two-young-women-working-on-creative-desk-PhY_cM4cEPY,full/b98836e64dcdc536d1d3064cc9d6d12c4f11c6a3.jpg,"Fashion designer, Two young women working on creative desk.",Business & Work
https://unsplash.com/photos/black-office-rolling-chair-beside-brown-wooden-desk-kmIKEGO7Vl4,full/c08d06b8b7318ae446fd071aba543e21b20ab70d.jpg,black office rolling chair beside brown wooden desk,Business & Work
https://unsplash.com/photos/woman-wearing-suit-making-hand-peace-sign-urVHqIv-__4,full/26edfce55a750243adaf9b16024f7f931ea6bfe7.jpg,woman wearing suit making hand peace sign,"Business & Work, Back To School"
https://unsplash.com/photos/a-person-is-working-on-a-piece-of-jewelry-FzwMt5YY38A,full/1c950503e8c2a6811bdf9e7b1c209f2ffce8969f.jpg,a person is working on a piece of jewelry,Business & Work
https://unsplash.com/photos/female-doctor-talking-to-senior-patient-during-medical-exam-at-the-clinic-k-2wYBB39K0,full/fff8628e23ad0a121b6c7a03960cf4c5f4ec1438.jpg,Female doctor talking to senior patient during medical exam at the clinic.,Business & Work
https://unsplash.com/photos/person-wearing-black-leather-strap-watch-7j3nCPOQbDQ,full/88e39a5e3a8405d54cb0afded568cf167e485b59.jpg,person wearing black leather strap watch,"People, Business & Work"
https://unsplash.com/photos/a-woman-sitting-at-a-desk-in-a-classroom-ou4jvVURZZs,full/a14580de312203ec98986df9f7492d753bd33848.jpg,a woman sitting at a desk in a classroom,"Editorial, Business & Work"
https://unsplash.com/photos/assorted-handheld-tools-in-tool-rack-t5YUoHW6zRo,full/f321d0ae487ed2e19df8fed961b463cc6587cb98.jpg,assorted handheld tools in tool rack,"Editorial, Business & Work"
https://unsplash.com/photos/a-person-sitting-at-a-desk-with-a-laptop-and-a-coffee-cup-04X1Yp9hNH8,full/683d179ce041d91bf993a380e18068cd2b0b3ad7.jpg,a person sitting at a desk with a laptop and a coffee cup,Business & Work
https://unsplash.com/photos/a-man-sitting-at-a-desk-writing-on-a-piece-of-paper-z4XT7uUHfK0,full/21c9f043eb08042f383722b9d0a37215ce852bb4.jpg,a man sitting at a desk writing on a piece of paper,"Editorial, Business & Work"
https://unsplash.com/photos/person-holding-cheese-burger-reZbnolscDo,full/4705e3659d01d5c02fe696daa26fc57568a6f6ac.jpg,person holding cheese burger,Food & Drink
https://unsplash.com/photos/three-gray-papers-near-round-brown-wooden-boards-on-table-o6Y9E-DdG6w,full/1005d9131f8a5ce666c2b7c6026b6f92b7d97277.jpg,three gray papers near round brown wooden boards on table,"Editorial, Business & Work"
https://unsplash.com/photos/young-businesswoman-working-at-her-computer-and-reading-paperwork-while-sitting-at-a-desk-in-an-office-ABBimDJa3Ec,full/220221811a56ba460a5f060c4ff7706b9e38905a.jpg,Young businesswoman working at her computer and reading paperwork while sitting at a desk in an office,Business & Work
https://unsplash.com/photos/a-couple-of-cups-of-coffee-sitting-on-top-of-a-table-7LkEh4z1e_k,full/2eeed1f090103a90daa1d4f70f1087b534f1a479.jpg,a couple of cups of coffee sitting on top of a table,"Editorial, Food & Drink"
https://unsplash.com/photos/a-bowl-of-food-on-a-wooden-table-QqIIitHZOXo,full/c6d9a6deb722058f9a86b58609e44adb204bd837.jpg,a bowl of food on a wooden table,Food & Drink
https://unsplash.com/photos/a-cup-of-coffee-sitting-on-top-of-a-saucer-MGUT8UQ4R7g,full/fa915079e2c97ef2a0213e072d1de562ec5be044.jpg,a cup of coffee sitting on top of a saucer,Food & Drink
https://unsplash.com/photos/creative-layout-of-fresh-fruits-nuts-and-ice-cream-cone-flat-lay-summer-concept-Hjv_HtwB9-Y,full/dc8bc4d6459c32d487ac0b1edf996ec452a97e28.jpg,"Creative layout of fresh fruits, nuts and ice cream cone. Flat lay. Summer concept.","Experimental, Food & Drink"
https://unsplash.com/photos/person-pouring-water-on-clear-drinking-glass-_tudHedQwfU,full/89ec90534037eb5cbf6ba558ce256f5f6452180e.jpg,person pouring water on clear drinking glass,Food & Drink
https://unsplash.com/photos/a-group-of-people-sitting-around-a-table-with-food-vJsj-hgOEG0,full/0d3d3da6b232c5c3cc1271322bc3704d0e5e9000.jpg,a group of people sitting around a table with food,"Editorial, Food & Drink"
https://unsplash.com/photos/person-holding-a-blue-ceramic-plate-with-food-HGz5YT8UNic,full/2d555e79a56ae472c5e55cf8189c76bae57ae9e8.jpg,person holding a blue ceramic plate with food,"Editorial, Food & Drink"
https://unsplash.com/photos/a-bunch-of-buns-that-are-on-a-table-Ku4IBfcoaxw,full/5e79f1e43c795038a17d11ed13bbb5395e837310.jpg,a bunch of buns that are on a table,Food & Drink
https://unsplash.com/photos/person-holding-brown-wooden-chopsticks-_3I4aXRoJaw,full/87c10bb38deb79a551ef0ef05b478bc47b6bf559.jpg,person holding brown wooden chopsticks,Food & Drink
https://unsplash.com/photos/person-pouring-coffee-on-black-ceramic-mug-Svs9qMaT-qE,full/78c8e8773db48d57ee716c2c3ed9046228a6c309.jpg,person pouring coffee on black ceramic mug,Food & Drink
https://unsplash.com/photos/brown-and-black-pastry-on-black-ceramic-plate-ceK0Fk3Ad-M,full/17ef7192c000ab81220c89de7d524dade9553720.jpg,brown and black pastry on black ceramic plate,"Editorial, Food & Drink"
https://unsplash.com/photos/a-bowl-of-cereal-with-fruit-and-nuts-on-a-table-4diD6Ep3kqc,full/4cbc695fd5fa5f220567b0926f1e793a28f429ee.jpg,a bowl of cereal with fruit and nuts on a table,Food & Drink
https://unsplash.com/photos/a-table-topped-with-bowls-of-salsa-and-chips-MgC8mGo3vJI,full/af6403ed3ee4db7039cb1424df1bbc9a3e0d7e2f.jpg,a table topped with bowls of salsa and chips,Food & Drink
https://unsplash.com/photos/a-plate-of-food-on-a-table-next-to-a-glass-of-wine-kacSf8_iSo0,full/e08b2b0ba206a02ac51017529bd13b1a0d98855c.jpg,a plate of food on a table next to a glass of wine,Food & Drink
https://unsplash.com/photos/person-holding-a-white-ceramic-bowl-with-food-2baQqx6MIGs,full/bac81083e30a79ec3c4c5002af8277735e4b5004.jpg,person holding a white ceramic bowl with food,Food & Drink
https://unsplash.com/photos/cooked-food-on-black-bowl-WfcBiBvcZ04,full/543b55a32ab2d8611495b808becbe442c1fd7ba5.jpg,cooked food on black bowl,Food & Drink
https://unsplash.com/photos/person-holding-stainless-steel-fork-and-bread-knife-r97j2vykswU,full/b55c7aea7d71f786569f6cf20c5e0ab891fb516b.jpg,person holding stainless steel fork and bread knife,"Editorial, Food & Drink"
https://unsplash.com/photos/a-man-swinging-a-tennis-racquet-on-a-tennis-court-n9RZ0dCunpY,full/d82ba83caf2e6dca96edb0d8004b318f58cc40fb.jpg,a man swinging a tennis racquet on a tennis court,"Editorial, Sports, Health & Wellness"
https://unsplash.com/photos/a-person-holding-a-plate-of-food-on-a-tray-nH98eYxUtGY,full/11159ef74074ebeed99596a5959d5a0191051662.jpg,a person holding a plate of food on a tray,Food & Drink
https://unsplash.com/photos/climbers-hiking-through-mountain-peak-during-daytime-5x4U6InVXpc,full/803aef87dbe0cdc31b65ecbafc90c7421107340b.jpg,climbers hiking through mountain peak during daytime,"Editorial, Health & Wellness"
https://unsplash.com/photos/a-group-of-people-hiking-up-a-snowy-mountain-XRwU4JfZ9Dc,full/b858bced869cf79ea35ba5d9f9001d46bb5e05c5.jpg,a group of people hiking up a snowy mountain,"Nature, Health & Wellness"
https://unsplash.com/photos/2-women-sitting-on-green-grass-tyMGgkXvG_8,full/510b0e3fd1a2a213190a2d23e3f742f49ae0a147.jpg,2 women sitting on green grass,"Editorial, People, Health & Wellness"
https://unsplash.com/photos/person-in-water-during-daytime-cwNHnU4IB8w,full/4959c6f9f2bbc2d84d6bfba46e1f0f048ccd8ab0.jpg,person in water during daytime,"Editorial, Health & Wellness"
https://unsplash.com/photos/rear-view-image-of-a-woman-sitting-on-wooden-balcony-while-watching-a-beautiful-mountains-and-nature-view-outside-the-tent-guWGYU1d_ks,full/510f225704e6ce173aef4f9d90fbb585cc2338ef.jpg,Rear view image of a woman sitting on wooden balcony while watching a beautiful mountains and nature view outside the tent,Health & Wellness
https://unsplash.com/photos/a-woman-sitting-on-a-rock-WKmQhe0nbCc,full/ff04444bd91ad3736b8bc4f1f45e1b02c4e851d1.jpg,a woman sitting on a rock,"Editorial, Health & Wellness"
https://unsplash.com/photos/a-woman-sitting-in-the-grass-with-a-bottle-of-water-SZt3malxkmg,full/cfe1c0584dac0e87650ff5043b30d122316b9e3f.jpg,a woman sitting in the grass with a bottle of water,"Editorial, Health & Wellness"
https://unsplash.com/photos/ear-thermometer-for-checking-fever-U7WKYPKOyHg,full/00e9ff63a74df6e6aed99de653a2d554087e596b.jpg,Ear thermometer for checking fever,"Editorial, Health & Wellness, Current Events"
https://unsplash.com/photos/persons-right-foot-on-white-wall-h4elZPxUXLU,full/a1a43166ac37d02603b1166de9d556e691c30c9f.jpg,persons right foot on white wall,"Editorial, Health & Wellness, Current Events"
https://unsplash.com/photos/white-ceramic-mug-beside-green-leaves-yRH0JI2S2KA,full/03bca510d77012f06a5d92bd41f2aef22cbeac5a.jpg,white ceramic mug beside green leaves,"Editorial, Health & Wellness, Food & Drink"
https://unsplash.com/photos/african-american-athletic-woman-using-laptop-while-practicing-yoga-and-meditating-in-the-living-room-yl7JwzIlZLw,full/5550c0aaf21cda5fb4f5f585069c04311e255597.jpg,African American athletic woman using laptop while practicing Yoga and meditating in the living room.,"Sports, Health & Wellness, Business & Work"
https://unsplash.com/photos/today-is-you-day-text-7Kz6WfD0O84,full/899f95eea86a84e33097d81d27aa63d46b5759cb.jpg,today is you day text,"Spirituality, Health & Wellness"
https://unsplash.com/photos/woman-in-black-long-sleeve-shirt-jL6guShvbhE,full/5d7185a4c1f380fb7d32c3e68bb6d417689b6d70.jpg,woman in black long sleeve shirt,"Editorial, People, Spirituality"
https://unsplash.com/photos/woman-in-black-tank-top-and-white-shorts-walking-on-beach-during-daytime-aVF2wyp-STw,full/d686594ef7fc39aaf707f6b901633f16fec82e09.jpg,woman in black tank top and white shorts walking on beach during daytime,"Editorial, Nature, People"
https://unsplash.com/photos/2-women-sitting-on-sand-beside-brown-dog-during-daytime-s-c7lTqld6E,full/9557fa12753da69d5c9bf049edc5fba287da00f1.jpg,2 women sitting on sand beside brown dog during daytime,"People, Health & Wellness"
https://unsplash.com/photos/white-soccer-goal-net-on-green-grass-field-eOTjYvDpvDA,full/0da9dfd82fcb140d343aaaa672be47b2afa33995.jpg,white soccer goal net on green grass field,"Editorial, Sports, Textures & Patterns"
https://unsplash.com/photos/a-woman-in-an-orange-dress-standing-on-a-beach-7fMDf4LEmjI,full/c7306cb46c316519654a5b7792f2b4089c186686.jpg,a woman in an orange dress standing on a beach,"Editorial, Health & Wellness"
https://unsplash.com/photos/two-green-and-blue-liquid-in-glasses-t93le5UkiZk,full/76fcd84dfac09e11f758ebd04fb293e1d225cbec.jpg,two green and blue liquid in glasses,"Health & Wellness, Food & Drink"
https://unsplash.com/photos/a-man-sitting-on-a-bench-with-his-foot-on-the-ground-pm-MDKgGXzQ,full/ac1ac622a3e3605b0d5effacbae99c2c4e6bd25a.jpg,a man sitting on a bench with his foot on the ground,"Sports, Health & Wellness"
https://unsplash.com/photos/a-tennis-ball-sitting-on-a-tennis-court-net-HL8ebMRzZiY,full/65857192ffce6857e83d9044c6acf620c2bca2f1.jpg,a tennis ball sitting on a tennis court net,"Editorial, Sports"
https://unsplash.com/photos/a-kite-flying-over-the-ocean-at-sunset-VhGSI08Ma_c,full/b2e7978e06f5e0a2c143c00eb3d06927a45c1dc6.jpg,a kite flying over the ocean at sunset,Sports
https://unsplash.com/photos/a-group-of-young-men-playing-a-game-of-ice-hockey-ASG6DvoKteo,full/3159a16450096b37ea040f274715dc17ca43156c.jpg,a group of young men playing a game of ice hockey,Sports
https://unsplash.com/photos/grayscale-photo-of-people-during-marathon-ttbCwN_mWic,full/1f97ad70b6a5c55c314c8b42ea8a918ce38d8a31.jpg,grayscale photo of people during marathon,"Editorial, Sports, Health & Wellness"
https://unsplash.com/photos/a-group-of-people-riding-skis-down-a-snow-covered-slope-xubqFrotrXg,full/72c066c0ad933684e7b0301f7465cc8d887d24f1.jpg,a group of people riding skis down a snow covered slope,"Sports, Health & Wellness"
https://unsplash.com/photos/a-couple-of-women-playing-a-game-of-volleyball-EqbpO90cEIM,full/8057f410cfda6fec6d46db4cea3b65aa28d7c5cf.jpg,a couple of women playing a game of volleyball,"Editorial, Sports, Health & Wellness"
https://unsplash.com/photos/a-black-truck-driving-down-a-dirt-road-0FE3Ts4WBeA,full/102a8a2c4eac016968e9733c46f026ab2fd5c042.jpg,a black truck driving down a dirt road,Sports
https://unsplash.com/photos/a-young-girl-playing-tennis-on-a-tennis-court-mfFVeuItimI,full/b0ddc42a4e06c5187317632a2755aa431f6f965b.jpg,a young girl playing tennis on a tennis court,Sports
https://unsplash.com/photos/person-guarding-goalie-net-in-field-AeUZfT1uzpo,full/fb3fd80c1c3d35c967ff5bd3acd27d7d5b398e71.jpg,person guarding goalie net in field,"Editorial, Sports"
https://unsplash.com/photos/a-baseball-player-holding-a-bat-on-top-of-a-field-wdInv4ZcZsM,full/49f7f4e809def0dbb6d948224631f9c8d80e3624.jpg,a baseball player holding a bat on top of a field,"Editorial, Sports"
https://unsplash.com/photos/african-young-sportsman-throwing-ball-in-basket-while-standing-on-the-court-during-training-h9hz-r0dd7c,full/82cea4a2aba47ccb92e60b89cfdf03eb8ce214b8.jpg,African young sportsman throwing ball in basket while standing on the court during training,Sports
https://unsplash.com/photos/woman-doing-yoga-pose-wa8o6rs22Fw,full/1c8ead966993b3efa58985a1555ec1447735573e.jpg,woman doing yoga pose,"Editorial, Sports, Health & Wellness"
https://unsplash.com/photos/a-person-riding-a-surfboard-sVR9Aio6KkA,full/4f66460109bea9f8dbf0e1b947b82f3ef6129b11.jpg,a person riding a surfboard,"Editorial, Sports"
https://unsplash.com/photos/a-pair-of-white-shoes--gbXoRsP3no,full/0c0dc943d7be71fc2e401c09e010a5137080b19e.jpg,a pair of white shoes,"Editorial, Sports"
https://unsplash.com/photos/a-person-jumping-in-the-air-jslbmR1r7TQ,full/fdbdd8a61df3c5b42995720cd5c539f435db67ba.jpg,a person jumping in the air,"Editorial, Sports"
https://unsplash.com/photos/a-group-of-people-holding-up-signs-in-the-air-lEYyPaUmHkQ,full/9eae9d0f018f78f19bae7955d42033c04ecdc5e1.jpg,a group of people holding up signs in the air,Current Events
https://unsplash.com/photos/a-person-is-parasailing-in-the-air-on-a-sunny-day-S-c-cxzKrbg,full/baf116097c57bfda6cdd491c23fb3b9eff859a12.jpg,a person is parasailing in the air on a sunny day,"Sports, Experimental"
https://unsplash.com/photos/a-person-riding-a-motorcycle-on-a-city-street-hef0Vi1RUfI,full/4e811b62c7c380ca04c31a9bd6cfb46e37c44202.jpg,a person riding a motorcycle on a city street,Sports
https://unsplash.com/photos/a-group-of-rainbow-colored-flags-blowing-in-the-wind-dAbqbiw5ITQ,full/d3660fe6ee5e208b85af45da9e98cb95112a5007.jpg,a group of rainbow colored flags blowing in the wind,Current Events
https://unsplash.com/photos/a-group-of-people-walking-down-a-street-with-a-dog-in-a-cart-GPpwIB3jXD8,full/5357ce43716cf805f05aefb548fda5b46b12d59d.jpg,a group of people walking down a street with a dog in a cart,Current Events
https://unsplash.com/photos/a-group-of-people-standing-around-each-other-holding-orange-flags-3mdLNBL9HoM,full/4f2c9a84dddb447c64af524ed87ad94eb6e2f9a2.jpg,a group of people standing around each other holding orange flags,Current Events
https://unsplash.com/photos/the-sun-is-setting-over-the-horizon-of-a-tree-cKrlYuPEQis,full/30c0658e7edad752039ef763e725ca318c0008bf.jpg,the sun is setting over the horizon of a tree,"Editorial, Nature, Wallpapers"
https://unsplash.com/photos/a-group-of-people-standing-on-a-street-holding-flags-x-Y0Oiwpbbk,full/6aa243f63d0da96ea7d141995bd9c6103d640ac4.jpg,a group of people standing on a street holding flags,Current Events
https://unsplash.com/photos/a-couple-of-flags-that-are-on-a-pole-jRMBiACT4jw,full/33d65cc3b3c662de4696c088c7957e210d192c80.jpg,a couple of flags that are on a pole,Current Events
https://unsplash.com/photos/a-group-of-people-walking-down-a-street-cyXytbOwL-8,full/4244a8d569eeea7ea424ca918666009f79e76532.jpg,a group of people walking down a street,Current Events
https://unsplash.com/photos/a-large-group-of-people-sitting-on-the-ground-yx0K2CMNaXk,full/1b4d07b73da67e743bad3d5479ad5bb7924846a6.jpg,a large group of people sitting on the ground,Current Events
https://unsplash.com/photos/a-group-of-people-standing-next-to-each-other-LmxQbQm0TvY,full/e4687260b08e5d05c733d81808404cb850a6b9e5.jpg,a group of people standing next to each other,Current Events
https://unsplash.com/photos/a-group-of-people-standing-around-a-table-filled-with-water-bottles-Wk_pMkVrVsQ,full/1222bf01be3ca8f49c521f54c546b8ca342e39c5.jpg,a group of people standing around a table filled with water bottles,Current Events
https://unsplash.com/photos/a-solar-eclipse-in-the-dark-sky-bQYmg-Co0OU,full/9874bc71d383a031c53061603fa920e8caec9d4d.jpg,a solar eclipse in the dark sky,"Editorial, Nature, Wallpapers"
https://unsplash.com/photos/a-group-of-people-walking-down-a-street-gogU0VEZDTs,full/36690a744938008ccee18ab26d4ea3db3753a270.jpg,a group of people walking down a street,Current Events
https://unsplash.com/photos/a-group-of-people-walking-down-a-street-holding-a-flag-XjgZMgxaztY,full/fb324aee7bd817a7b75a1cf7070b374fb9baa0e1.jpg,a group of people walking down a street holding a flag,Current Events
https://unsplash.com/photos/the-moon-is-shining-in-the-dark-sky-kMEy3HgDgoA,full/efd6a6b71e9e66de75de5e75fdf6f16790caaf82.jpg,the moon is shining in the dark sky,"Experimental, Wallpapers, Current Events"
https://unsplash.com/photos/a-group-of-people-walking-down-a-street-holding-signs-bBjW23vc5kk,full/6761f912cfb2f8e15435cf856785dcac2e92c037.jpg,a group of people walking down a street holding signs,Current Events
https://unsplash.com/photos/a-group-of-men-standing-next-to-each-other-oJEMdux3Ub8,full/d6fa76ac97ba22ca9d838ce3ad65b4a9fbb008b3.jpg,a group of men standing next to each other,Current Events
https://unsplash.com/photos/a-tall-tree-in-the-middle-of-a-forest-UNkVcHFKWK4,full/82d0ac27f6008da68bc17f3713bc331d95548638.jpg,a tall tree in the middle of a forest,Nature
https://unsplash.com/photos/a-couple-of-people-walking-down-a-street-FVEncdT30jw,full/eb9d7c5ba59466f355ade8abc449194ed10e2a84.jpg,a couple of people walking down a street,Current Events
https://unsplash.com/photos/a-snail-crawling-on-a-blade-of-grass-AN1xQsGXY1M,full/ba0f2b2c3d28e5af9a0dd7af7fe7f10b585987f2.jpg,a snail crawling on a blade of grass,"Editorial, Nature, Animals"
https://unsplash.com/photos/a-lush-green-forest-filled-with-lots-of-trees--rE22XNtqns,full/faa09054468f875d71db0e95369896da8ff8e629.jpg,a lush green forest filled with lots of trees,Nature
https://unsplash.com/photos/a-group-of-people-standing-on-the-side-of-a-road-6ygBCeAkp4c,full/763fdc93730dc2e38aa2c36f6c2b92b6e5efc9d1.jpg,a group of people standing on the side of a road,Current Events
https://unsplash.com/photos/a-scenic-view-of-a-lake-surrounded-by-trees-93fwyiS6FHA,full/522ee256cf07a41b1a5b84889111e0c1755c4f87.jpg,a scenic view of a lake surrounded by trees,Nature
https://unsplash.com/photos/a-lush-green-hillside-covered-in-lots-of-bushes-7eIxUBkSl5o,full/2fac38e40e194dc90e014ebd51847eea92f8223d.jpg,a lush green hillside covered in lots of bushes,Nature
https://unsplash.com/photos/a-rocky-cliff-with-a-body-of-water-in-the-foreground-C6HlzQDXqYY,full/1a30be73682c1de46b083090b8465f773de47aab.jpg,a rocky cliff with a body of water in the foreground,Nature
https://unsplash.com/photos/a-lush-green-hillside-with-a-lake-in-the-distance-vJcy3Hxa3WY,full/5474c9e28b8b43a2249ff03f2f2292a0d3c596a0.jpg,a lush green hillside with a lake in the distance,Nature
https://unsplash.com/photos/a-lone-boat-floating-on-a-lake-surrounded-by-forest-YEHI6mUqXmA,full/9247a8baf068d3cca8bcac5fbc571debd333efc2.jpg,a lone boat floating on a lake surrounded by forest,Nature
https://unsplash.com/photos/a-very-tall-mountain-with-a-very-long-waterfall-rLVhE6loqb8,full/f7fe01ca2708321cc95bbe16c5e46bac9e086a35.jpg,a very tall mountain with a very long waterfall,Nature
https://unsplash.com/photos/a-lone-tree-in-the-middle-of-a-tea-plantation-p_N5YjJ36U4,full/8066b9dd2e3269e9979d2f991a2c488d9eb4d84c.jpg,a lone tree in the middle of a tea plantation,Nature
https://unsplash.com/photos/a-beach-with-rocks-and-a-full-moon-in-the-sky-AD7QEaCHaKA,full/1e0c524b220d9a15c9df80cd443c8ab28451aab2.jpg,a beach with rocks and a full moon in the sky,Nature
https://unsplash.com/photos/a-bunch-of-flowers-that-are-in-a-vase-hRDYMqw_CfY,full/e623a115949817e34b34616e1b53c4f1cdcfac17.jpg,a bunch of flowers that are in a vase,"Editorial, Experimental, Wallpapers"
https://unsplash.com/photos/a-blurry-image-of-a-clock-tower-in-the-night-sD3OrSqk2-U,full/3f142822148144e8efe9e1b00fde929d2ecdb607.jpg,a blurry image of a clock tower in the night,Wallpapers
https://unsplash.com/photos/the-sun-shines-through-the-branches-of-a-joshua-tree-QeYiied_s-0,full/9ef4a00a1fa0de0ce5dee0363f6ca71a99c3ea94.jpg,the sun shines through the branches of a joshua tree,"Editorial, Wallpapers"
https://unsplash.com/photos/a-view-of-a-mountain-range-under-a-cloudy-sky-1hRH-z4nvxE,full/5f243bc1bede05a12ece30aac71cb2bda4a60aa9.jpg,a view of a mountain range under a cloudy sky,Wallpapers
https://unsplash.com/photos/a-group-of-three-vases-with-flowers-in-them-fb9mwNq2pUE,full/afa46cc18ec4c2058393a1c5da22c955c8b305c8.jpg,a group of three vases with flowers in them,"Editorial, Wallpapers"
https://unsplash.com/photos/two-people-with-umbrellas-sitting-in-a-field-TV0JFWli5gs,full/f9c6caf672f4606872a0b8fdb324e9383a6855b4.jpg,two people with umbrellas sitting in a field,"Editorial, People, Travel"
https://unsplash.com/photos/a-lion-with-a-red-light-on-its-head-and-a-mountain-in-the-background-gCkv8mnmxm8,full/39341020c13d9e6cdbce9885e20d9502774941ad.jpg,a lion with a red light on its head and a mountain in the background,"Editorial, 3D Renders, Wallpapers"
https://unsplash.com/photos/a-close-up-of-a-plant-with-leaves-and-flowers-aSFRGkKRB7k,full/6af6f977c05ad3dde208aad30044f3811e7d749f.jpg,a close up of a plant with leaves and flowers,"Nature, Wallpapers"
https://unsplash.com/photos/a-green-couch-sitting-in-front-of-a-tree-bCuDZd8F-bA,full/1da1a7a1b885f129318a7a5b1ca6a0705a7b9a4f.jpg,a green couch sitting in front of a tree,"3D Renders, Wallpapers"
https://unsplash.com/photos/a-black-and-white-photo-of-a-cell-phone-FRDdZVopTtM,full/7e26517930a6d7e033c1e3ae4fcad14cb84cff1a.jpg,a black and white photo of a cell phone,"Editorial, Wallpapers"
https://unsplash.com/photos/a-black-and-white-photo-of-a-large-structure-Y5Vrxf2he9Q,full/e80918925300d92f06135e636ceaecad2bdc68ec.jpg,a black and white photo of a large structure,Wallpapers
https://unsplash.com/photos/a-close-up-of-some-leaves-9ijFYBf9hj4,full/885170500f367c183ca2571e382e412f2c0ee50b.jpg,a close up of some leaves,"Editorial, Wallpapers"
https://unsplash.com/photos/a-close-up-of-a-tree-with-white-flowers-yhJbpngI4i0,full/716e1a7e194871b4a58188e6ec1986750341f95f.jpg,a close up of a tree with white flowers,Wallpapers
https://unsplash.com/photos/the-sun-is-setting-over-the-horizon-of-the-ocean-E0SbeN98ehg,full/ff4f6ec1a94c9f9c1d97b2996fc46b01c01bac2c.jpg,the sun is setting over the horizon of the ocean,"Editorial, 3D Renders, Wallpapers"
https://unsplash.com/photos/a-vast-expanse-of-sand-dunes-in-the-desert-fSI5aR3Ci9A,full/34af42f47214609b5f73e5c759a37b22270fde86.jpg,a vast expanse of sand dunes in the desert,Wallpapers
https://unsplash.com/photos/a-bird-is-perched-on-the-edge-of-a-cliff-2Sy7-racM0I,full/bbf6410485859508295f2ff0504b176106b22757.jpg,a bird is perched on the edge of a cliff,Wallpapers
https://unsplash.com/photos/a-painting-of-blue-and-white-paint-on-a-wall-_I8ZmoZgx0E,full/cd4fa39cecb514049ab6fd4eb421950856defce3.jpg,a painting of blue and white paint on a wall,"Editorial, Wallpapers"
https://unsplash.com/photos/a-view-of-a-large-body-of-water-with-a-mountain-in-the-background-GXYOPgiqNOk,full/ef7040079882250e0f67b33dd0c236bbd6343583.jpg,a view of a large body of water with a mountain in the background,"Editorial, Nature"
https://unsplash.com/photos/a-rainbow-in-the-sky-over-a-mountain-range-aVqHm-p_oWQ,full/aa5dc31aa8c26721bf54b327a2cb2c6b1e0d96e0.jpg,a rainbow in the sky over a mountain range,"Editorial, Nature"
https://unsplash.com/photos/a-tree-with-pink-flowers-and-a-blue-sky-in-the-background-tkN16BXGS4w,full/8b123ea52410b27980c16bfd6f2471a14556f7ce.jpg,a tree with pink flowers and a blue sky in the background,Nature
https://unsplash.com/photos/the-night-sky-with-stars-above-a-rocky-mountain-iFUmgtId7DU,full/c77b314288e9c5450a01221f34caa587d2573783.jpg,the night sky with stars above a rocky mountain,"Editorial, Nature"
https://unsplash.com/photos/a-close-up-of-a-foxs-face-with-a-blurry-background-o_jWEWbGM2g,full/bbb4200b1929eb0e38eeefefe87427972bc82231.jpg,a close up of a fox's face with a blurry background,Nature
https://unsplash.com/photos/a-large-body-of-water-filled-with-lots-of-water-zcwEZPH4B6k,full/ced2c10d9f6297105dbe25614238605d1f8724a1.jpg,a large body of water filled with lots of water,Nature
https://unsplash.com/photos/a-bunch-of-flowers-that-are-in-a-vase-wXV5GqPhowM,full/5123eb1e80ff37d545f3612db0a9148866308d96.jpg,a bunch of flowers that are in a vase,Nature
https://unsplash.com/photos/a-close-up-of-a-purple-flower-on-a-plant-JjWwswPNrRs,full/9e687cb5f4c026d03e2944046c981aa69bb18db8.jpg,a close up of a purple flower on a plant,Nature
https://unsplash.com/photos/a-large-glacier-with-snow-on-the-ground-and-mountains-in-the-background-wF4OlUGHh7I,full/0efea359f6481edbba48fd1bbfe82adc2cc3a850.jpg,a large glacier with snow on the ground and mountains in the background,Nature